PRAGMA foreign_keys = on;
BEGIN TRANSACTION;

.mode columns
.headers on

-- Distritos
INSERT INTO Distrito (codDistrito, nome) VALUES ('1', 'Aveiro');
INSERT INTO Distrito (codDistrito, nome) VALUES ('2', 'Beja');
INSERT INTO Distrito (codDistrito, nome) VALUES ('3', 'Braga');
INSERT INTO Distrito (codDistrito, nome) VALUES ('4', 'Braganca');
INSERT INTO Distrito (codDistrito, nome) VALUES ('5', 'Castelo Branco');
INSERT INTO Distrito (codDistrito, nome) VALUES ('6', 'Coimbra');
INSERT INTO Distrito (codDistrito, nome) VALUES ('7', 'Evora');
INSERT INTO Distrito (codDistrito, nome) VALUES ('8', 'Faro');
INSERT INTO Distrito (codDistrito, nome) VALUES ('9', 'Guarda');
INSERT INTO Distrito (codDistrito, nome) VALUES ('10', 'Leiria');
INSERT INTO Distrito (codDistrito, nome) VALUES ('11', 'Lisboa');
INSERT INTO Distrito (codDistrito, nome) VALUES ('12', 'Portalegre');
INSERT INTO Distrito (codDistrito, nome) VALUES ('13', 'Porto');
INSERT INTO Distrito (codDistrito, nome) VALUES ('14', 'Santarem');
INSERT INTO Distrito (codDistrito, nome) VALUES ('15', 'Setubal');
INSERT INTO Distrito (codDistrito, nome) VALUES ('16', 'Viana do Castelo');
INSERT INTO Distrito (codDistrito, nome) VALUES ('17', 'Vila Real');
INSERT INTO Distrito (codDistrito, nome) VALUES ('18', 'Viseu');
INSERT INTO Distrito (codDistrito, nome) VALUES ('19', 'R. A. Acores');
INSERT INTO Distrito (codDistrito, nome) VALUES ('20', 'R. A. Madeira');
INSERT INTO Distrito (codDistrito, nome) VALUES ('99', 'Estrangeiro');

-- Concelhos 

INSERT INTO Concelho(idConcelho, codConcelho, nome, codNUTS3, codDistrito) VALUES ('1', '1', 'Águeda', '16D', '1');
INSERT INTO Concelho(idConcelho, codConcelho, nome, codNUTS3, codDistrito) VALUES ('2', '2', 'Albergaria-a-Velha', '16D', '1');
INSERT INTO Concelho(idConcelho, codConcelho, nome, codNUTS3, codDistrito) VALUES ('3', '3', 'Anadia', '16D', '1');
INSERT INTO Concelho(idConcelho, codConcelho, nome, codNUTS3, codDistrito) VALUES ('4', '4', 'Arouca', '11A', '1');
INSERT INTO Concelho(idConcelho, codConcelho, nome, codNUTS3, codDistrito) VALUES ('5', '5', 'Aveiro', '16D', '1');
INSERT INTO Concelho(idConcelho, codConcelho, nome, codNUTS3, codDistrito) VALUES ('6', '6', 'Castelo de Paiva', '11C', '1');
INSERT INTO Concelho(idConcelho, codConcelho, nome, codNUTS3, codDistrito) VALUES ('7', '7', 'Espinho', '11A', '1');
INSERT INTO Concelho(idConcelho, codConcelho, nome, codNUTS3, codDistrito) VALUES ('8', '8', 'Estarreja', '16D', '1');
INSERT INTO Concelho(idConcelho, codConcelho, nome, codNUTS3, codDistrito) VALUES ('9', '9', 'Santa Maria da Feira', '11A', '1');
INSERT INTO Concelho(idConcelho, codConcelho, nome, codNUTS3, codDistrito) VALUES ('10', '10', 'Ílhavo', '16D', '1');
INSERT INTO Concelho(idConcelho, codConcelho, nome, codNUTS3, codDistrito) VALUES ('11', '11', 'Mealhada', '16E', '1');
INSERT INTO Concelho(idConcelho, codConcelho, nome, codNUTS3, codDistrito) VALUES ('12', '12', 'Murtosa', '16D', '1');
INSERT INTO Concelho(idConcelho, codConcelho, nome, codNUTS3, codDistrito) VALUES ('13', '13', 'Oliveira de Azeméis', '11A', '1');
INSERT INTO Concelho(idConcelho, codConcelho, nome, codNUTS3, codDistrito) VALUES ('14', '14', 'Oliveira do Bairro', '16D', '1');
INSERT INTO Concelho(idConcelho, codConcelho, nome, codNUTS3, codDistrito) VALUES ('15', '15', 'Ovar', '16D', '1');
INSERT INTO Concelho(idConcelho, codConcelho, nome, codNUTS3, codDistrito) VALUES ('16', '16', 'São João da Madeira', '11A', '1');
INSERT INTO Concelho(idConcelho, codConcelho, nome, codNUTS3, codDistrito) VALUES ('17', '17', 'Sever do Vouga', '16D', '1');
INSERT INTO Concelho(idConcelho, codConcelho, nome, codNUTS3, codDistrito) VALUES ('18', '18', 'Vagos', '16D', '1');
INSERT INTO Concelho(idConcelho, codConcelho, nome, codNUTS3, codDistrito) VALUES ('19', '19', 'Vale de Cambra', '11A', '1');
INSERT INTO Concelho(idConcelho, codConcelho, nome, codNUTS3, codDistrito) VALUES ('20', '1', 'Aljustrel', '184', '2');
INSERT INTO Concelho(idConcelho, codConcelho, nome, codNUTS3, codDistrito) VALUES ('21', '2', 'Almodôvar', '184', '2');
INSERT INTO Concelho(idConcelho, codConcelho, nome, codNUTS3, codDistrito) VALUES ('22', '3', 'Alvito', '184', '2');
INSERT INTO Concelho(idConcelho, codConcelho, nome, codNUTS3, codDistrito) VALUES ('23', '4', 'Barrancos', '184', '2');
INSERT INTO Concelho(idConcelho, codConcelho, nome, codNUTS3, codDistrito) VALUES ('24', '5', 'Beja', '184', '2');
INSERT INTO Concelho(idConcelho, codConcelho, nome, codNUTS3, codDistrito) VALUES ('25', '6', 'Castro Verde', '184', '2');
INSERT INTO Concelho(idConcelho, codConcelho, nome, codNUTS3, codDistrito) VALUES ('26', '7', 'Cuba', '184', '2');
INSERT INTO Concelho(idConcelho, codConcelho, nome, codNUTS3, codDistrito) VALUES ('27', '8', 'Ferreira do Alentejo', '184', '2');
INSERT INTO Concelho(idConcelho, codConcelho, nome, codNUTS3, codDistrito) VALUES ('28', '9', 'Mértola', '184', '2');
INSERT INTO Concelho(idConcelho, codConcelho, nome, codNUTS3, codDistrito) VALUES ('29', '10', 'Moura', '184', '2');
INSERT INTO Concelho(idConcelho, codConcelho, nome, codNUTS3, codDistrito) VALUES ('30', '11', 'Odemira', '181', '2');
INSERT INTO Concelho(idConcelho, codConcelho, nome, codNUTS3, codDistrito) VALUES ('31', '12', 'Ourique', '184', '2');
INSERT INTO Concelho(idConcelho, codConcelho, nome, codNUTS3, codDistrito) VALUES ('32', '13', 'Serpa', '184', '2');
INSERT INTO Concelho(idConcelho, codConcelho, nome, codNUTS3, codDistrito) VALUES ('33', '14', 'Vidigueira', '184', '2');
INSERT INTO Concelho(idConcelho, codConcelho, nome, codNUTS3, codDistrito) VALUES ('34', '1', 'Amares', '112', '3');
INSERT INTO Concelho(idConcelho, codConcelho, nome, codNUTS3, codDistrito) VALUES ('35', '2', 'Barcelos', '112', '3');
INSERT INTO Concelho(idConcelho, codConcelho, nome, codNUTS3, codDistrito) VALUES ('36', '3', 'Braga', '112', '3');
INSERT INTO Concelho(idConcelho, codConcelho, nome, codNUTS3, codDistrito) VALUES ('37', '4', 'Cabeceiras de Basto', '119', '3');
INSERT INTO Concelho(idConcelho, codConcelho, nome, codNUTS3, codDistrito) VALUES ('38', '5', 'Celorico de Basto', '11C', '3');
INSERT INTO Concelho(idConcelho, codConcelho, nome, codNUTS3, codDistrito) VALUES ('39', '6', 'Esposende', '112', '3');
INSERT INTO Concelho(idConcelho, codConcelho, nome, codNUTS3, codDistrito) VALUES ('40', '7', 'Fafe', '119', '3');
INSERT INTO Concelho(idConcelho, codConcelho, nome, codNUTS3, codDistrito) VALUES ('41', '8', 'Guimarães', '119', '3');
INSERT INTO Concelho(idConcelho, codConcelho, nome, codNUTS3, codDistrito) VALUES ('42', '9', 'Póvoa de Lanhoso', '119', '3');
INSERT INTO Concelho(idConcelho, codConcelho, nome, codNUTS3, codDistrito) VALUES ('43', '10', 'Terras de Bouro', '112', '3');
INSERT INTO Concelho(idConcelho, codConcelho, nome, codNUTS3, codDistrito) VALUES ('44', '11', 'Vieira do Minho', '119', '3');
INSERT INTO Concelho(idConcelho, codConcelho, nome, codNUTS3, codDistrito) VALUES ('45', '12', 'Vila Nova de Famalicão', '119', '3');
INSERT INTO Concelho(idConcelho, codConcelho, nome, codNUTS3, codDistrito) VALUES ('46', '13', 'Vila Verde', '112', '3');
INSERT INTO Concelho(idConcelho, codConcelho, nome, codNUTS3, codDistrito) VALUES ('47', '14', 'Vizela', '119', '3');
INSERT INTO Concelho(idConcelho, codConcelho, nome, codNUTS3, codDistrito) VALUES ('48', '1', 'Alfândega da Fé', '11E', '4');
INSERT INTO Concelho(idConcelho, codConcelho, nome, codNUTS3, codDistrito) VALUES ('49', '2', 'Bragança', '11E', '4');
INSERT INTO Concelho(idConcelho, codConcelho, nome, codNUTS3, codDistrito) VALUES ('50', '3', 'Carrazeda de Ansiães', '11D', '4');
INSERT INTO Concelho(idConcelho, codConcelho, nome, codNUTS3, codDistrito) VALUES ('51', '4', 'Freixo de Espada à Cinta', '11D', '4');
INSERT INTO Concelho(idConcelho, codConcelho, nome, codNUTS3, codDistrito) VALUES ('52', '5', 'Macedo de Cavaleiros', '11E', '4');
INSERT INTO Concelho(idConcelho, codConcelho, nome, codNUTS3, codDistrito) VALUES ('53', '6', 'Miranda do Douro', '11E', '4');
INSERT INTO Concelho(idConcelho, codConcelho, nome, codNUTS3, codDistrito) VALUES ('54', '7', 'Mirandela', '11E', '4');
INSERT INTO Concelho(idConcelho, codConcelho, nome, codNUTS3, codDistrito) VALUES ('55', '8', 'Mogadouro', '11E', '4');
INSERT INTO Concelho(idConcelho, codConcelho, nome, codNUTS3, codDistrito) VALUES ('56', '9', 'Torre de Moncorvo', '11D', '4');
INSERT INTO Concelho(idConcelho, codConcelho, nome, codNUTS3, codDistrito) VALUES ('57', '10', 'Vila Flor', '11E', '4');
INSERT INTO Concelho(idConcelho, codConcelho, nome, codNUTS3, codDistrito) VALUES ('58', '11', 'Vimioso', '11E', '4');
INSERT INTO Concelho(idConcelho, codConcelho, nome, codNUTS3, codDistrito) VALUES ('59', '12', 'Vinhais', '11E', '4');
INSERT INTO Concelho(idConcelho, codConcelho, nome, codNUTS3, codDistrito) VALUES ('60', '1', 'Belmonte', '16J', '5');
INSERT INTO Concelho(idConcelho, codConcelho, nome, codNUTS3, codDistrito) VALUES ('61', '2', 'Castelo Branco', '16H', '5');
INSERT INTO Concelho(idConcelho, codConcelho, nome, codNUTS3, codDistrito) VALUES ('62', '3', 'Covilhã', '16J', '5');
INSERT INTO Concelho(idConcelho, codConcelho, nome, codNUTS3, codDistrito) VALUES ('63', '4', 'Fundão', '16J', '5');
INSERT INTO Concelho(idConcelho, codConcelho, nome, codNUTS3, codDistrito) VALUES ('64', '5', 'Idanha-a-Nova', '16H', '5');
INSERT INTO Concelho(idConcelho, codConcelho, nome, codNUTS3, codDistrito) VALUES ('65', '6', 'Oleiros', '16H', '5');
INSERT INTO Concelho(idConcelho, codConcelho, nome, codNUTS3, codDistrito) VALUES ('66', '7', 'Penamacor', '16H', '5');
INSERT INTO Concelho(idConcelho, codConcelho, nome, codNUTS3, codDistrito) VALUES ('67', '8', 'Proença-a-Nova', '16H', '5');
INSERT INTO Concelho(idConcelho, codConcelho, nome, codNUTS3, codDistrito) VALUES ('68', '9', 'Sertã', '16I', '5');
INSERT INTO Concelho(idConcelho, codConcelho, nome, codNUTS3, codDistrito) VALUES ('69', '10', 'Vila de Rei', '16I', '5');
INSERT INTO Concelho(idConcelho, codConcelho, nome, codNUTS3, codDistrito) VALUES ('70', '11', 'Vila Velha de Ródão', '16H', '5');
INSERT INTO Concelho(idConcelho, codConcelho, nome, codNUTS3, codDistrito) VALUES ('71', '1', 'Arganil', '16E', '6');
INSERT INTO Concelho(idConcelho, codConcelho, nome, codNUTS3, codDistrito) VALUES ('72', '2', 'Cantanhede', '16E', '6');
INSERT INTO Concelho(idConcelho, codConcelho, nome, codNUTS3, codDistrito) VALUES ('73', '3', 'Coimbra', '16E', '6');
INSERT INTO Concelho(idConcelho, codConcelho, nome, codNUTS3, codDistrito) VALUES ('74', '4', 'Condeixa-a-Nova', '16E', '6');
INSERT INTO Concelho(idConcelho, codConcelho, nome, codNUTS3, codDistrito) VALUES ('75', '5', 'Figueira da Foz', '16E', '6');
INSERT INTO Concelho(idConcelho, codConcelho, nome, codNUTS3, codDistrito) VALUES ('76', '6', 'Góis', '16E', '6');
INSERT INTO Concelho(idConcelho, codConcelho, nome, codNUTS3, codDistrito) VALUES ('77', '7', 'Lousã', '16E', '6');
INSERT INTO Concelho(idConcelho, codConcelho, nome, codNUTS3, codDistrito) VALUES ('78', '8', 'Mira', '16E', '6');
INSERT INTO Concelho(idConcelho, codConcelho, nome, codNUTS3, codDistrito) VALUES ('79', '9', 'Miranda do Corvo', '16E', '6');
INSERT INTO Concelho(idConcelho, codConcelho, nome, codNUTS3, codDistrito) VALUES ('80', '10', 'Montemor-o-Velho', '16E', '6');
INSERT INTO Concelho(idConcelho, codConcelho, nome, codNUTS3, codDistrito) VALUES ('81', '11', 'Oliveira do Hospital', '16E', '6');
INSERT INTO Concelho(idConcelho, codConcelho, nome, codNUTS3, codDistrito) VALUES ('82', '12', 'Pampilhosa da Serra', '16E', '6');
INSERT INTO Concelho(idConcelho, codConcelho, nome, codNUTS3, codDistrito) VALUES ('83', '13', 'Penacova', '16E', '6');
INSERT INTO Concelho(idConcelho, codConcelho, nome, codNUTS3, codDistrito) VALUES ('84', '14', 'Penela', '16E', '6');
INSERT INTO Concelho(idConcelho, codConcelho, nome, codNUTS3, codDistrito) VALUES ('85', '15', 'Soure', '16E', '6');
INSERT INTO Concelho(idConcelho, codConcelho, nome, codNUTS3, codDistrito) VALUES ('86', '16', 'Tábua', '16E', '6');
INSERT INTO Concelho(idConcelho, codConcelho, nome, codNUTS3, codDistrito) VALUES ('87', '17', 'Vila Nova de Poiares', '16E', '6');
INSERT INTO Concelho(idConcelho, codConcelho, nome, codNUTS3, codDistrito) VALUES ('88', '1', 'Alandroal', '187', '7');
INSERT INTO Concelho(idConcelho, codConcelho, nome, codNUTS3, codDistrito) VALUES ('89', '2', 'Arraiolos', '187', '7');
INSERT INTO Concelho(idConcelho, codConcelho, nome, codNUTS3, codDistrito) VALUES ('90', '3', 'Borba', '187', '7');
INSERT INTO Concelho(idConcelho, codConcelho, nome, codNUTS3, codDistrito) VALUES ('91', '4', 'Estremoz', '187', '7');
INSERT INTO Concelho(idConcelho, codConcelho, nome, codNUTS3, codDistrito) VALUES ('92', '5', 'Évora', '187', '7');
INSERT INTO Concelho(idConcelho, codConcelho, nome, codNUTS3, codDistrito) VALUES ('93', '6', 'Montemor-o-Novo', '187', '7');
INSERT INTO Concelho(idConcelho, codConcelho, nome, codNUTS3, codDistrito) VALUES ('94', '7', 'Mora', '187', '7');
INSERT INTO Concelho(idConcelho, codConcelho, nome, codNUTS3, codDistrito) VALUES ('95', '8', 'Mourão', '187', '7');
INSERT INTO Concelho(idConcelho, codConcelho, nome, codNUTS3, codDistrito) VALUES ('96', '9', 'Portel', '187', '7');
INSERT INTO Concelho(idConcelho, codConcelho, nome, codNUTS3, codDistrito) VALUES ('97', '10', 'Redondo', '187', '7');
INSERT INTO Concelho(idConcelho, codConcelho, nome, codNUTS3, codDistrito) VALUES ('98', '11', 'Reguengos de Monsaraz', '187', '7');
INSERT INTO Concelho(idConcelho, codConcelho, nome, codNUTS3, codDistrito) VALUES ('99', '12', 'Vendas Novas', '187', '7');
INSERT INTO Concelho(idConcelho, codConcelho, nome, codNUTS3, codDistrito) VALUES ('100', '13', 'Viana do Alentejo', '187', '7');
INSERT INTO Concelho(idConcelho, codConcelho, nome, codNUTS3, codDistrito) VALUES ('101', '14', 'Vila Viçosa', '187', '7');
INSERT INTO Concelho(idConcelho, codConcelho, nome, codNUTS3, codDistrito) VALUES ('102', '1', 'Albufeira', '150', '8');
INSERT INTO Concelho(idConcelho, codConcelho, nome, codNUTS3, codDistrito) VALUES ('103', '2', 'Alcoutim', '150', '8');
INSERT INTO Concelho(idConcelho, codConcelho, nome, codNUTS3, codDistrito) VALUES ('104', '3', 'Aljezur', '150', '8');
INSERT INTO Concelho(idConcelho, codConcelho, nome, codNUTS3, codDistrito) VALUES ('105', '4', 'Castro Marim', '150', '8');
INSERT INTO Concelho(idConcelho, codConcelho, nome, codNUTS3, codDistrito) VALUES ('106', '5', 'Faro', '150', '8');
INSERT INTO Concelho(idConcelho, codConcelho, nome, codNUTS3, codDistrito) VALUES ('107', '6', 'Lagoa', '150', '8');
INSERT INTO Concelho(idConcelho, codConcelho, nome, codNUTS3, codDistrito) VALUES ('108', '7', 'Lagos', '150', '8');
INSERT INTO Concelho(idConcelho, codConcelho, nome, codNUTS3, codDistrito) VALUES ('109', '8', 'Loulé', '150', '8');
INSERT INTO Concelho(idConcelho, codConcelho, nome, codNUTS3, codDistrito) VALUES ('110', '9', 'Monchique', '150', '8');
INSERT INTO Concelho(idConcelho, codConcelho, nome, codNUTS3, codDistrito) VALUES ('111', '10', 'Olhão', '150', '8');
INSERT INTO Concelho(idConcelho, codConcelho, nome, codNUTS3, codDistrito) VALUES ('112', '11', 'Portimão', '150', '8');
INSERT INTO Concelho(idConcelho, codConcelho, nome, codNUTS3, codDistrito) VALUES ('113', '12', 'São Brás de Alportel', '150', '8');
INSERT INTO Concelho(idConcelho, codConcelho, nome, codNUTS3, codDistrito) VALUES ('114', '13', 'Silves', '150', '8');
INSERT INTO Concelho(idConcelho, codConcelho, nome, codNUTS3, codDistrito) VALUES ('115', '14', 'Tavira', '150', '8');
INSERT INTO Concelho(idConcelho, codConcelho, nome, codNUTS3, codDistrito) VALUES ('116', '15', 'Vila do Bispo', '150', '8');
INSERT INTO Concelho(idConcelho, codConcelho, nome, codNUTS3, codDistrito) VALUES ('117', '16', 'Vila Real de Santo António', '150', '8');
INSERT INTO Concelho(idConcelho, codConcelho, nome, codNUTS3, codDistrito) VALUES ('118', '1', 'Aguiar da Beira', '16G', '9');
INSERT INTO Concelho(idConcelho, codConcelho, nome, codNUTS3, codDistrito) VALUES ('119', '2', 'Almeida', '16J', '9');
INSERT INTO Concelho(idConcelho, codConcelho, nome, codNUTS3, codDistrito) VALUES ('120', '3', 'Celorico da Beira', '16J', '9');
INSERT INTO Concelho(idConcelho, codConcelho, nome, codNUTS3, codDistrito) VALUES ('121', '4', 'Figueira de Castelo Rodrigo', '16J', '9');
INSERT INTO Concelho(idConcelho, codConcelho, nome, codNUTS3, codDistrito) VALUES ('122', '5', 'Fornos de Algodres', '16J', '9');
INSERT INTO Concelho(idConcelho, codConcelho, nome, codNUTS3, codDistrito) VALUES ('123', '6', 'Gouveia', '16J', '9');
INSERT INTO Concelho(idConcelho, codConcelho, nome, codNUTS3, codDistrito) VALUES ('124', '7', 'Guarda', '16J', '9');
INSERT INTO Concelho(idConcelho, codConcelho, nome, codNUTS3, codDistrito) VALUES ('125', '8', 'Manteigas', '16J', '9');
INSERT INTO Concelho(idConcelho, codConcelho, nome, codNUTS3, codDistrito) VALUES ('126', '9', 'Meda', '16J', '9');
INSERT INTO Concelho(idConcelho, codConcelho, nome, codNUTS3, codDistrito) VALUES ('127', '10', 'Pinhel', '16J', '9');
INSERT INTO Concelho(idConcelho, codConcelho, nome, codNUTS3, codDistrito) VALUES ('128', '11', 'Sabugal', '16J', '9');
INSERT INTO Concelho(idConcelho, codConcelho, nome, codNUTS3, codDistrito) VALUES ('129', '12', 'Seia', '16J', '9');
INSERT INTO Concelho(idConcelho, codConcelho, nome, codNUTS3, codDistrito) VALUES ('130', '13', 'Trancoso', '16J', '9');
INSERT INTO Concelho(idConcelho, codConcelho, nome, codNUTS3, codDistrito) VALUES ('131', '14', 'Vila Nova de Foz Côa', '11D', '9');
INSERT INTO Concelho(idConcelho, codConcelho, nome, codNUTS3, codDistrito) VALUES ('132', '1', 'Alcobaça', '16B', '10');
INSERT INTO Concelho(idConcelho, codConcelho, nome, codNUTS3, codDistrito) VALUES ('133', '2', 'Alvaiázere', '16F', '10');
INSERT INTO Concelho(idConcelho, codConcelho, nome, codNUTS3, codDistrito) VALUES ('134', '3', 'Ansião', '16F', '10');
INSERT INTO Concelho(idConcelho, codConcelho, nome, codNUTS3, codDistrito) VALUES ('135', '4', 'Batalha', '16F', '10');
INSERT INTO Concelho(idConcelho, codConcelho, nome, codNUTS3, codDistrito) VALUES ('136', '5', 'Bombarral', '16B', '10');
INSERT INTO Concelho(idConcelho, codConcelho, nome, codNUTS3, codDistrito) VALUES ('137', '6', 'Caldas da Rainha', '16B', '10');
INSERT INTO Concelho(idConcelho, codConcelho, nome, codNUTS3, codDistrito) VALUES ('138', '7', 'Castanheira de Pêra', '16F', '10');
INSERT INTO Concelho(idConcelho, codConcelho, nome, codNUTS3, codDistrito) VALUES ('139', '8', 'Figueiró dos Vinhos', '16F', '10');
INSERT INTO Concelho(idConcelho, codConcelho, nome, codNUTS3, codDistrito) VALUES ('140', '9', 'Leiria', '16F', '10');
INSERT INTO Concelho(idConcelho, codConcelho, nome, codNUTS3, codDistrito) VALUES ('141', '10', 'Marinha Grande', '16F', '10');
INSERT INTO Concelho(idConcelho, codConcelho, nome, codNUTS3, codDistrito) VALUES ('142', '11', 'Nazaré', '16B', '10');
INSERT INTO Concelho(idConcelho, codConcelho, nome, codNUTS3, codDistrito) VALUES ('143', '12', 'Óbidos', '16B', '10');
INSERT INTO Concelho(idConcelho, codConcelho, nome, codNUTS3, codDistrito) VALUES ('144', '13', 'Pedrógão Grande', '16F', '10');
INSERT INTO Concelho(idConcelho, codConcelho, nome, codNUTS3, codDistrito) VALUES ('145', '14', 'Peniche', '16B', '10');
INSERT INTO Concelho(idConcelho, codConcelho, nome, codNUTS3, codDistrito) VALUES ('146', '15', 'Pombal', '16F', '10');
INSERT INTO Concelho(idConcelho, codConcelho, nome, codNUTS3, codDistrito) VALUES ('147', '16', 'Porto de Mós', '16F', '10');
INSERT INTO Concelho(idConcelho, codConcelho, nome, codNUTS3, codDistrito) VALUES ('148', '1', 'Alenquer', '16B', '11');
INSERT INTO Concelho(idConcelho, codConcelho, nome, codNUTS3, codDistrito) VALUES ('149', '2', 'Arruda dos Vinhos', '16B', '11');
INSERT INTO Concelho(idConcelho, codConcelho, nome, codNUTS3, codDistrito) VALUES ('150', '3', 'Azambuja', '185', '11');
INSERT INTO Concelho(idConcelho, codConcelho, nome, codNUTS3, codDistrito) VALUES ('151', '4', 'Cadaval', '16B', '11');
INSERT INTO Concelho(idConcelho, codConcelho, nome, codNUTS3, codDistrito) VALUES ('152', '5', 'Cascais', '170', '11');
INSERT INTO Concelho(idConcelho, codConcelho, nome, codNUTS3, codDistrito) VALUES ('153', '6', 'Lisboa', '170', '11');
INSERT INTO Concelho(idConcelho, codConcelho, nome, codNUTS3, codDistrito) VALUES ('154', '7', 'Loures', '170', '11');
INSERT INTO Concelho(idConcelho, codConcelho, nome, codNUTS3, codDistrito) VALUES ('155', '8', 'Lourinhã', '16B', '11');
INSERT INTO Concelho(idConcelho, codConcelho, nome, codNUTS3, codDistrito) VALUES ('156', '9', 'Mafra', '170', '11');
INSERT INTO Concelho(idConcelho, codConcelho, nome, codNUTS3, codDistrito) VALUES ('157', '10', 'Oeiras', '170', '11');
INSERT INTO Concelho(idConcelho, codConcelho, nome, codNUTS3, codDistrito) VALUES ('158', '11', 'Sintra', '170', '11');
INSERT INTO Concelho(idConcelho, codConcelho, nome, codNUTS3, codDistrito) VALUES ('159', '12', 'Sobral de Monte Agraço', '16B', '11');
INSERT INTO Concelho(idConcelho, codConcelho, nome, codNUTS3, codDistrito) VALUES ('160', '13', 'Torres Vedras', '16B', '11');
INSERT INTO Concelho(idConcelho, codConcelho, nome, codNUTS3, codDistrito) VALUES ('161', '14', 'Vila Franca de Xira', '170', '11');
INSERT INTO Concelho(idConcelho, codConcelho, nome, codNUTS3, codDistrito) VALUES ('162', '15', 'Amadora', '170', '11');
INSERT INTO Concelho(idConcelho, codConcelho, nome, codNUTS3, codDistrito) VALUES ('163', '16', 'Odivelas', '170', '11');
INSERT INTO Concelho(idConcelho, codConcelho, nome, codNUTS3, codDistrito) VALUES ('164', '1', 'Alter do Chão', '186', '12');
INSERT INTO Concelho(idConcelho, codConcelho, nome, codNUTS3, codDistrito) VALUES ('165', '2', 'Arronches', '186', '12');
INSERT INTO Concelho(idConcelho, codConcelho, nome, codNUTS3, codDistrito) VALUES ('166', '3', 'Avis', '186', '12');
INSERT INTO Concelho(idConcelho, codConcelho, nome, codNUTS3, codDistrito) VALUES ('167', '4', 'Campo Maior', '186', '12');
INSERT INTO Concelho(idConcelho, codConcelho, nome, codNUTS3, codDistrito) VALUES ('168', '5', 'Castelo de Vide', '186', '12');
INSERT INTO Concelho(idConcelho, codConcelho, nome, codNUTS3, codDistrito) VALUES ('169', '6', 'Crato', '186', '12');
INSERT INTO Concelho(idConcelho, codConcelho, nome, codNUTS3, codDistrito) VALUES ('170', '7', 'Elvas', '186', '12');
INSERT INTO Concelho(idConcelho, codConcelho, nome, codNUTS3, codDistrito) VALUES ('171', '8', 'Fronteira', '186', '12');
INSERT INTO Concelho(idConcelho, codConcelho, nome, codNUTS3, codDistrito) VALUES ('172', '9', 'Gavião', '186', '12');
INSERT INTO Concelho(idConcelho, codConcelho, nome, codNUTS3, codDistrito) VALUES ('173', '10', 'Marvão', '186', '12');
INSERT INTO Concelho(idConcelho, codConcelho, nome, codNUTS3, codDistrito) VALUES ('174', '11', 'Monforte', '186', '12');
INSERT INTO Concelho(idConcelho, codConcelho, nome, codNUTS3, codDistrito) VALUES ('175', '12', 'Nisa', '186', '12');
INSERT INTO Concelho(idConcelho, codConcelho, nome, codNUTS3, codDistrito) VALUES ('176', '13', 'Ponte de Sor', '186', '12');
INSERT INTO Concelho(idConcelho, codConcelho, nome, codNUTS3, codDistrito) VALUES ('177', '14', 'Portalegre', '186', '12');
INSERT INTO Concelho(idConcelho, codConcelho, nome, codNUTS3, codDistrito) VALUES ('178', '15', 'Sousel', '186', '12');
INSERT INTO Concelho(idConcelho, codConcelho, nome, codNUTS3, codDistrito) VALUES ('179', '1', 'Amarante', '11C', '13');
INSERT INTO Concelho(idConcelho, codConcelho, nome, codNUTS3, codDistrito) VALUES ('180', '2', 'Baião', '11C', '13');
INSERT INTO Concelho(idConcelho, codConcelho, nome, codNUTS3, codDistrito) VALUES ('181', '3', 'Felgueiras', '11C', '13');
INSERT INTO Concelho(idConcelho, codConcelho, nome, codNUTS3, codDistrito) VALUES ('182', '4', 'Gondomar', '11A', '13');
INSERT INTO Concelho(idConcelho, codConcelho, nome, codNUTS3, codDistrito) VALUES ('183', '5', 'Lousada', '11C', '13');
INSERT INTO Concelho(idConcelho, codConcelho, nome, codNUTS3, codDistrito) VALUES ('184', '6', 'Maia', '11A', '13');
INSERT INTO Concelho(idConcelho, codConcelho, nome, codNUTS3, codDistrito) VALUES ('185', '7', 'Marco de Canaveses', '11C', '13');
INSERT INTO Concelho(idConcelho, codConcelho, nome, codNUTS3, codDistrito) VALUES ('186', '8', 'Matosinhos', '11A', '13');
INSERT INTO Concelho(idConcelho, codConcelho, nome, codNUTS3, codDistrito) VALUES ('187', '9', 'Paços de Ferreira', '11C', '13');
INSERT INTO Concelho(idConcelho, codConcelho, nome, codNUTS3, codDistrito) VALUES ('188', '10', 'Paredes', '11A', '13');
INSERT INTO Concelho(idConcelho, codConcelho, nome, codNUTS3, codDistrito) VALUES ('189', '11', 'Penafiel', '11C', '13');
INSERT INTO Concelho(idConcelho, codConcelho, nome, codNUTS3, codDistrito) VALUES ('190', '12', 'Porto', '11A', '13');
INSERT INTO Concelho(idConcelho, codConcelho, nome, codNUTS3, codDistrito) VALUES ('191', '13', 'Póvoa de Varzim', '11A', '13');
INSERT INTO Concelho(idConcelho, codConcelho, nome, codNUTS3, codDistrito) VALUES ('192', '14', 'Santo Tirso', '11A', '13');
INSERT INTO Concelho(idConcelho, codConcelho, nome, codNUTS3, codDistrito) VALUES ('193', '15', 'Valongo', '11A', '13');
INSERT INTO Concelho(idConcelho, codConcelho, nome, codNUTS3, codDistrito) VALUES ('194', '16', 'Vila do Conde', '11A', '13');
INSERT INTO Concelho(idConcelho, codConcelho, nome, codNUTS3, codDistrito) VALUES ('195', '17', 'Vila Nova de Gaia', '11A', '13');
INSERT INTO Concelho(idConcelho, codConcelho, nome, codNUTS3, codDistrito) VALUES ('196', '18', 'Trofa', '11A', '13');
INSERT INTO Concelho(idConcelho, codConcelho, nome, codNUTS3, codDistrito) VALUES ('197', '1', 'Abrantes', '16I', '14');
INSERT INTO Concelho(idConcelho, codConcelho, nome, codNUTS3, codDistrito) VALUES ('198', '2', 'Alcanena', '16I', '14');
INSERT INTO Concelho(idConcelho, codConcelho, nome, codNUTS3, codDistrito) VALUES ('199', '3', 'Almeirim', '185', '14');
INSERT INTO Concelho(idConcelho, codConcelho, nome, codNUTS3, codDistrito) VALUES ('200', '4', 'Alpiarça', '185', '14');
INSERT INTO Concelho(idConcelho, codConcelho, nome, codNUTS3, codDistrito) VALUES ('201', '5', 'Benavente', '185', '14');
INSERT INTO Concelho(idConcelho, codConcelho, nome, codNUTS3, codDistrito) VALUES ('202', '6', 'Cartaxo', '185', '14');
INSERT INTO Concelho(idConcelho, codConcelho, nome, codNUTS3, codDistrito) VALUES ('203', '7', 'Chamusca', '185', '14');
INSERT INTO Concelho(idConcelho, codConcelho, nome, codNUTS3, codDistrito) VALUES ('204', '8', 'Constância', '16I', '14');
INSERT INTO Concelho(idConcelho, codConcelho, nome, codNUTS3, codDistrito) VALUES ('205', '9', 'Coruche', '185', '14');
INSERT INTO Concelho(idConcelho, codConcelho, nome, codNUTS3, codDistrito) VALUES ('206', '10', 'Entroncamento', '16I', '14');
INSERT INTO Concelho(idConcelho, codConcelho, nome, codNUTS3, codDistrito) VALUES ('207', '11', 'Ferreira do Zêzere', '16I', '14');
INSERT INTO Concelho(idConcelho, codConcelho, nome, codNUTS3, codDistrito) VALUES ('208', '12', 'Golegã', '185', '14');
INSERT INTO Concelho(idConcelho, codConcelho, nome, codNUTS3, codDistrito) VALUES ('209', '13', 'Mação', '16I', '14');
INSERT INTO Concelho(idConcelho, codConcelho, nome, codNUTS3, codDistrito) VALUES ('210', '14', 'Rio Maior', '185', '14');
INSERT INTO Concelho(idConcelho, codConcelho, nome, codNUTS3, codDistrito) VALUES ('211', '15', 'Salvaterra de Magos', '185', '14');
INSERT INTO Concelho(idConcelho, codConcelho, nome, codNUTS3, codDistrito) VALUES ('212', '16', 'Santarém', '185', '14');
INSERT INTO Concelho(idConcelho, codConcelho, nome, codNUTS3, codDistrito) VALUES ('213', '17', 'Sardoal', '16I', '14');
INSERT INTO Concelho(idConcelho, codConcelho, nome, codNUTS3, codDistrito) VALUES ('214', '18', 'Tomar', '16I', '14');
INSERT INTO Concelho(idConcelho, codConcelho, nome, codNUTS3, codDistrito) VALUES ('215', '19', 'Torres Novas', '16I', '14');
INSERT INTO Concelho(idConcelho, codConcelho, nome, codNUTS3, codDistrito) VALUES ('216', '20', 'Vila Nova da Barquinha', '16I', '14');
INSERT INTO Concelho(idConcelho, codConcelho, nome, codNUTS3, codDistrito) VALUES ('217', '21', 'Ourém', '16I', '14');
INSERT INTO Concelho(idConcelho, codConcelho, nome, codNUTS3, codDistrito) VALUES ('218', '1', 'Alcácer do Sal', '181', '15');
INSERT INTO Concelho(idConcelho, codConcelho, nome, codNUTS3, codDistrito) VALUES ('219', '2', 'Alcochete', '170', '15');
INSERT INTO Concelho(idConcelho, codConcelho, nome, codNUTS3, codDistrito) VALUES ('220', '3', 'Almada', '170', '15');
INSERT INTO Concelho(idConcelho, codConcelho, nome, codNUTS3, codDistrito) VALUES ('221', '4', 'Barreiro', '170', '15');
INSERT INTO Concelho(idConcelho, codConcelho, nome, codNUTS3, codDistrito) VALUES ('222', '5', 'Grândola', '181', '15');
INSERT INTO Concelho(idConcelho, codConcelho, nome, codNUTS3, codDistrito) VALUES ('223', '6', 'Moita', '170', '15');
INSERT INTO Concelho(idConcelho, codConcelho, nome, codNUTS3, codDistrito) VALUES ('224', '7', 'Montijo', '170', '15');
INSERT INTO Concelho(idConcelho, codConcelho, nome, codNUTS3, codDistrito) VALUES ('225', '8', 'Palmela', '170', '15');
INSERT INTO Concelho(idConcelho, codConcelho, nome, codNUTS3, codDistrito) VALUES ('226', '9', 'Santiago do Cacém', '181', '15');
INSERT INTO Concelho(idConcelho, codConcelho, nome, codNUTS3, codDistrito) VALUES ('227', '10', 'Seixal', '170', '15');
INSERT INTO Concelho(idConcelho, codConcelho, nome, codNUTS3, codDistrito) VALUES ('228', '11', 'Sesimbra', '170', '15');
INSERT INTO Concelho(idConcelho, codConcelho, nome, codNUTS3, codDistrito) VALUES ('229', '12', 'Setúbal', '170', '15');
INSERT INTO Concelho(idConcelho, codConcelho, nome, codNUTS3, codDistrito) VALUES ('230', '13', 'Sines', '181', '15');
INSERT INTO Concelho(idConcelho, codConcelho, nome, codNUTS3, codDistrito) VALUES ('231', '1', 'Arcos de Valdevez', '111', '16');
INSERT INTO Concelho(idConcelho, codConcelho, nome, codNUTS3, codDistrito) VALUES ('232', '2', 'Caminha', '111', '16');
INSERT INTO Concelho(idConcelho, codConcelho, nome, codNUTS3, codDistrito) VALUES ('233', '3', 'Melgaço', '111', '16');
INSERT INTO Concelho(idConcelho, codConcelho, nome, codNUTS3, codDistrito) VALUES ('234', '4', 'Monção', '111', '16');
INSERT INTO Concelho(idConcelho, codConcelho, nome, codNUTS3, codDistrito) VALUES ('235', '5', 'Paredes de Coura', '111', '16');
INSERT INTO Concelho(idConcelho, codConcelho, nome, codNUTS3, codDistrito) VALUES ('236', '6', 'Ponte da Barca', '111', '16');
INSERT INTO Concelho(idConcelho, codConcelho, nome, codNUTS3, codDistrito) VALUES ('237', '7', 'Ponte de Lima', '111', '16');
INSERT INTO Concelho(idConcelho, codConcelho, nome, codNUTS3, codDistrito) VALUES ('238', '8', 'Valença', '111', '16');
INSERT INTO Concelho(idConcelho, codConcelho, nome, codNUTS3, codDistrito) VALUES ('239', '9', 'Viana do Castelo', '111', '16');
INSERT INTO Concelho(idConcelho, codConcelho, nome, codNUTS3, codDistrito) VALUES ('240', '10', 'Vila Nova de Cerveira', '111', '16');
INSERT INTO Concelho(idConcelho, codConcelho, nome, codNUTS3, codDistrito) VALUES ('241', '1', 'Alijó', '11D', '17');
INSERT INTO Concelho(idConcelho, codConcelho, nome, codNUTS3, codDistrito) VALUES ('242', '2', 'Boticas', '11B', '17');
INSERT INTO Concelho(idConcelho, codConcelho, nome, codNUTS3, codDistrito) VALUES ('243', '3', 'Chaves', '11B', '17');
INSERT INTO Concelho(idConcelho, codConcelho, nome, codNUTS3, codDistrito) VALUES ('244', '4', 'Mesão Frio', '11D', '17');
INSERT INTO Concelho(idConcelho, codConcelho, nome, codNUTS3, codDistrito) VALUES ('245', '5', 'Mondim de Basto', '119', '17');
INSERT INTO Concelho(idConcelho, codConcelho, nome, codNUTS3, codDistrito) VALUES ('246', '6', 'Montalegre', '11B', '17');
INSERT INTO Concelho(idConcelho, codConcelho, nome, codNUTS3, codDistrito) VALUES ('247', '7', 'Murça', '11D', '17');
INSERT INTO Concelho(idConcelho, codConcelho, nome, codNUTS3, codDistrito) VALUES ('248', '8', 'Peso da Régua', '11D', '17');
INSERT INTO Concelho(idConcelho, codConcelho, nome, codNUTS3, codDistrito) VALUES ('249', '9', 'Ribeira de Pena', '11B', '17');
INSERT INTO Concelho(idConcelho, codConcelho, nome, codNUTS3, codDistrito) VALUES ('250', '10', 'Sabrosa', '11D', '17');
INSERT INTO Concelho(idConcelho, codConcelho, nome, codNUTS3, codDistrito) VALUES ('251', '11', 'Santa Marta de Penaguião', '11D', '17');
INSERT INTO Concelho(idConcelho, codConcelho, nome, codNUTS3, codDistrito) VALUES ('252', '12', 'Valpaços', '11B', '17');
INSERT INTO Concelho(idConcelho, codConcelho, nome, codNUTS3, codDistrito) VALUES ('253', '13', 'Vila Pouca de Aguiar', '11B', '17');
INSERT INTO Concelho(idConcelho, codConcelho, nome, codNUTS3, codDistrito) VALUES ('254', '14', 'Vila Real', '11D', '17');
INSERT INTO Concelho(idConcelho, codConcelho, nome, codNUTS3, codDistrito) VALUES ('255', '1', 'Armamar', '11D', '18');
INSERT INTO Concelho(idConcelho, codConcelho, nome, codNUTS3, codDistrito) VALUES ('256', '2', 'Carregal do Sal', '16G', '18');
INSERT INTO Concelho(idConcelho, codConcelho, nome, codNUTS3, codDistrito) VALUES ('257', '3', 'Castro Daire', '16G', '18');
INSERT INTO Concelho(idConcelho, codConcelho, nome, codNUTS3, codDistrito) VALUES ('258', '4', 'Cinfães', '11C', '18');
INSERT INTO Concelho(idConcelho, codConcelho, nome, codNUTS3, codDistrito) VALUES ('259', '5', 'Lamego', '11D', '18');
INSERT INTO Concelho(idConcelho, codConcelho, nome, codNUTS3, codDistrito) VALUES ('260', '6', 'Mangualde', '16G', '18');
INSERT INTO Concelho(idConcelho, codConcelho, nome, codNUTS3, codDistrito) VALUES ('261', '7', 'Moimenta da Beira', '11D', '18');
INSERT INTO Concelho(idConcelho, codConcelho, nome, codNUTS3, codDistrito) VALUES ('262', '8', 'Mortágua', '16E', '18');
INSERT INTO Concelho(idConcelho, codConcelho, nome, codNUTS3, codDistrito) VALUES ('263', '9', 'Nelas', '16G', '18');
INSERT INTO Concelho(idConcelho, codConcelho, nome, codNUTS3, codDistrito) VALUES ('264', '10', 'Oliveira de Frades', '16G', '18');
INSERT INTO Concelho(idConcelho, codConcelho, nome, codNUTS3, codDistrito) VALUES ('265', '11', 'Penalva do Castelo', '16G', '18');
INSERT INTO Concelho(idConcelho, codConcelho, nome, codNUTS3, codDistrito) VALUES ('266', '12', 'Penedono', '11D', '18');
INSERT INTO Concelho(idConcelho, codConcelho, nome, codNUTS3, codDistrito) VALUES ('267', '13', 'Resende', '11C', '18');
INSERT INTO Concelho(idConcelho, codConcelho, nome, codNUTS3, codDistrito) VALUES ('268', '14', 'Santa Comba Dão', '16G', '18');
INSERT INTO Concelho(idConcelho, codConcelho, nome, codNUTS3, codDistrito) VALUES ('269', '15', 'São João da Pesqueira', '11D', '18');
INSERT INTO Concelho(idConcelho, codConcelho, nome, codNUTS3, codDistrito) VALUES ('270', '16', 'São Pedro do Sul', '16G', '18');
INSERT INTO Concelho(idConcelho, codConcelho, nome, codNUTS3, codDistrito) VALUES ('271', '17', 'Sátão', '16G', '18');
INSERT INTO Concelho(idConcelho, codConcelho, nome, codNUTS3, codDistrito) VALUES ('272', '18', 'Sernancelhe', '11D', '18');
INSERT INTO Concelho(idConcelho, codConcelho, nome, codNUTS3, codDistrito) VALUES ('273', '19', 'Tabuaço', '11D', '18');
INSERT INTO Concelho(idConcelho, codConcelho, nome, codNUTS3, codDistrito) VALUES ('274', '20', 'Tarouca', '11D', '18');
INSERT INTO Concelho(idConcelho, codConcelho, nome, codNUTS3, codDistrito) VALUES ('275', '21', 'Tondela', '16G', '18');
INSERT INTO Concelho(idConcelho, codConcelho, nome, codNUTS3, codDistrito) VALUES ('276', '22', 'Vila Nova de Paiva', '16G', '18');
INSERT INTO Concelho(idConcelho, codConcelho, nome, codNUTS3, codDistrito) VALUES ('277', '23', 'Viseu', '16G', '18');
INSERT INTO Concelho(idConcelho, codConcelho, nome, codNUTS3, codDistrito) VALUES ('278', '24', 'Vouzela', '16G', '18');
INSERT INTO Concelho(idConcelho, codConcelho, nome, codNUTS3, codDistrito) VALUES ('279', '1', 'Angra do Heroísmo', '200', '19');
INSERT INTO Concelho(idConcelho, codConcelho, nome, codNUTS3, codDistrito) VALUES ('280', '2', 'Calheta (R.A.A.)', '200', '19');
INSERT INTO Concelho(idConcelho, codConcelho, nome, codNUTS3, codDistrito) VALUES ('281', '3', 'Santa Cruz da Graciosa', '200', '19');
INSERT INTO Concelho(idConcelho, codConcelho, nome, codNUTS3, codDistrito) VALUES ('282', '4', 'Velas', '200', '19');
INSERT INTO Concelho(idConcelho, codConcelho, nome, codNUTS3, codDistrito) VALUES ('283', '5', 'Praia da Vitória', '200', '19');
INSERT INTO Concelho(idConcelho, codConcelho, nome, codNUTS3, codDistrito) VALUES ('284', '11', 'Corvo', '200', '19');
INSERT INTO Concelho(idConcelho, codConcelho, nome, codNUTS3, codDistrito) VALUES ('285', '12', 'Horta', '200', '19');
INSERT INTO Concelho(idConcelho, codConcelho, nome, codNUTS3, codDistrito) VALUES ('286', '13', 'Lajes das Flores', '200', '19');
INSERT INTO Concelho(idConcelho, codConcelho, nome, codNUTS3, codDistrito) VALUES ('287', '14', 'Lajes do Pico', '200', '19');
INSERT INTO Concelho(idConcelho, codConcelho, nome, codNUTS3, codDistrito) VALUES ('288', '15', 'Madalena', '200', '19');
INSERT INTO Concelho(idConcelho, codConcelho, nome, codNUTS3, codDistrito) VALUES ('289', '16', 'Santa Cruz das Flores', '200', '19');
INSERT INTO Concelho(idConcelho, codConcelho, nome, codNUTS3, codDistrito) VALUES ('290', '17', 'São Roque do Pico', '200', '19');
INSERT INTO Concelho(idConcelho, codConcelho, nome, codNUTS3, codDistrito) VALUES ('291', '21', 'Lagoa (R.A.A)', '200', '19');
INSERT INTO Concelho(idConcelho, codConcelho, nome, codNUTS3, codDistrito) VALUES ('292', '22', 'Nordeste', '200', '19');
INSERT INTO Concelho(idConcelho, codConcelho, nome, codNUTS3, codDistrito) VALUES ('293', '23', 'Ponta Delgada', '200', '19');
INSERT INTO Concelho(idConcelho, codConcelho, nome, codNUTS3, codDistrito) VALUES ('294', '24', 'Povoação', '200', '19');
INSERT INTO Concelho(idConcelho, codConcelho, nome, codNUTS3, codDistrito) VALUES ('295', '25', 'Ribeira Grande', '200', '19');
INSERT INTO Concelho(idConcelho, codConcelho, nome, codNUTS3, codDistrito) VALUES ('296', '26', 'Vila Franca do Campo', '200', '19');
INSERT INTO Concelho(idConcelho, codConcelho, nome, codNUTS3, codDistrito) VALUES ('297', '27', 'Vila do Porto', '200', '19');
INSERT INTO Concelho(idConcelho, codConcelho, nome, codNUTS3, codDistrito) VALUES ('298', '1', 'Calheta (R.A.M.)', '300', '20');
INSERT INTO Concelho(idConcelho, codConcelho, nome, codNUTS3, codDistrito) VALUES ('299', '2', 'Câmara de Lobos', '300', '20');
INSERT INTO Concelho(idConcelho, codConcelho, nome, codNUTS3, codDistrito) VALUES ('300', '3', 'Funchal', '300', '20');
INSERT INTO Concelho(idConcelho, codConcelho, nome, codNUTS3, codDistrito) VALUES ('301', '4', 'Machico', '300', '20');
INSERT INTO Concelho(idConcelho, codConcelho, nome, codNUTS3, codDistrito) VALUES ('302', '5', 'Ponta do Sol', '300', '20');
INSERT INTO Concelho(idConcelho, codConcelho, nome, codNUTS3, codDistrito) VALUES ('303', '6', 'Porto Moniz', '300', '20');
INSERT INTO Concelho(idConcelho, codConcelho, nome, codNUTS3, codDistrito) VALUES ('304', '7', 'Porto Santo', '300', '20');
INSERT INTO Concelho(idConcelho, codConcelho, nome, codNUTS3, codDistrito) VALUES ('305', '8', 'Ribeira Brava', '300', '20');
INSERT INTO Concelho(idConcelho, codConcelho, nome, codNUTS3, codDistrito) VALUES ('306', '9', 'Santa Cruz', '300', '20');
INSERT INTO Concelho(idConcelho, codConcelho, nome, codNUTS3, codDistrito) VALUES ('307', '10', 'Santana', '300', '20');
INSERT INTO Concelho(idConcelho, codConcelho, nome, codNUTS3, codDistrito) VALUES ('308', '11', 'São Vicente', '300', '20');
INSERT INTO Concelho(idConcelho, codConcelho, nome, codNUTS3, codDistrito) VALUES ('309', '99', 'Estrangeiro', '', '99');

-- Escolas 


INSERT INTO Escola(idEscola, nome, codDGAE, codDGEEC, tipo, idConcelho) VALUES ('1', 'Escola Básica e Secundária de Michel Giacometti', '346226', '1511640', 'PÚBLICO', '11');
INSERT INTO Escola(idEscola, nome, codDGAE, codDGEEC, tipo, idConcelho) VALUES ('2', 'Escola Básica e Secundária Dr. João de Brito Camacho, Almodôvar', '345805', '202249', 'PÚBLICO', '2');
INSERT INTO Escola(idEscola, nome, codDGAE, codDGEEC, tipo, idConcelho) VALUES ('3', 'Escola Básica e Secundária de Ourique', '346159', '212724', 'PÚBLICO', '12');
INSERT INTO Escola(idEscola, nome, codDGAE, codDGEEC, tipo, idConcelho) VALUES ('4', 'Escola Básica e Secundária de Cabeceiras de Basto', '345600', '304240', 'PÚBLICO', '4');
INSERT INTO Escola(idEscola, nome, codDGAE, codDGEEC, tipo, idConcelho) VALUES ('5', 'Escola Básica e Secundária de Celorico de Basto', '345726', '305958', 'PÚBLICO', '5');
INSERT INTO Escola(idEscola, nome, codDGAE, codDGEEC, tipo, idConcelho) VALUES ('6', 'Escola Básica e Secundária de Terras de Bouro', '345994', '310736', 'PÚBLICO', '10');
INSERT INTO Escola(idEscola, nome, codDGAE, codDGEEC, tipo, idConcelho) VALUES ('7', 'Escola Básica e Secundária de Alfândega da Fé', '346160', '401878', 'PÚBLICO', '1');
INSERT INTO Escola(idEscola, nome, codDGAE, codDGEEC, tipo, idConcelho) VALUES ('8', 'Escola Básica e Secundária Pedro Álvares Cabral, Belmonte', '346007', '501605', 'PÚBLICO', '1');
INSERT INTO Escola(idEscola, nome, codDGAE, codDGEEC, tipo, idConcelho) VALUES ('9', 'Escola Básica e Secundária José Silvestre Ribeiro, Idanha-a-Nova', '345880', '505437', 'PÚBLICO', '5');
INSERT INTO Escola(idEscola, nome, codDGAE, codDGEEC, tipo, idConcelho) VALUES ('10', 'Escola Básica e Secundária Ribeiro Sanches, Penamacor', '342956', '507106', 'PÚBLICO', '7');
INSERT INTO Escola(idEscola, nome, codDGAE, codDGEEC, tipo, idConcelho) VALUES ('11', 'Escola Básica e Secundária Pedro da Fonseca, Proença-a-Nova', '346100', '508242', 'PÚBLICO', '8');
INSERT INTO Escola(idEscola, nome, codDGAE, codDGEEC, tipo, idConcelho) VALUES ('12', 'Escola Secundária Fernando Namora, Condeixa-a-Nova', '404457', '604191', 'PÚBLICO', '4');
INSERT INTO Escola(idEscola, nome, codDGAE, codDGEEC, tipo, idConcelho) VALUES ('13', 'Escola Básica e Secundária José Falcão,  Miranda do Corvo', '345866', '609579', 'PÚBLICO', '9');
INSERT INTO Escola(idEscola, nome, codDGAE, codDGEEC, tipo, idConcelho) VALUES ('14', 'Escola Básica e Secundária Escalada, Pampilhosa da Serra', '330190', '612842', 'PÚBLICO', '12');
INSERT INTO Escola(idEscola, nome, codDGAE, codDGEEC, tipo, idConcelho) VALUES ('15', 'Escola Básica e Secundária Dr. Daniel de Matos, Vila Nova de Poiares', '345751', '617192', 'PÚBLICO', '17');
INSERT INTO Escola(idEscola, nome, codDGAE, codDGEEC, tipo, idConcelho) VALUES ('16', 'Escola Básica e Secundária Cunha Rivara, Arraiolos', '345738', '702889', 'PÚBLICO', '2');
INSERT INTO Escola(idEscola, nome, codDGAE, codDGEEC, tipo, idConcelho) VALUES ('17', 'Escola Básica e Secundária Dr. Isidoro de Sousa', '345787', '713804', 'PÚBLICO', '13');
INSERT INTO Escola(idEscola, nome, codDGAE, codDGEEC, tipo, idConcelho) VALUES ('18', 'Escola Básica e Secundária de Aguiar da Beira', '346380', '901707', 'PÚBLICO', '1');
INSERT INTO Escola(idEscola, nome, codDGAE, codDGEEC, tipo, idConcelho) VALUES ('19', 'Escola Básica e Secundária Dr. José Casimiro Matias', '345799', '902600', 'PÚBLICO', '2');
INSERT INTO Escola(idEscola, nome, codDGAE, codDGEEC, tipo, idConcelho) VALUES ('20', 'Escola Básica e Secundária Sacadura Cabral, Celorico da Beira', '346070', '903883', 'PÚBLICO', '3');
INSERT INTO Escola(idEscola, nome, codDGAE, codDGEEC, tipo, idConcelho) VALUES ('21', 'Escola Básica e Secundária de Fornos de Algodres', '346366', '905382', 'PÚBLICO', '5');
INSERT INTO Escola(idEscola, nome, codDGAE, codDGEEC, tipo, idConcelho) VALUES ('22', 'Escola Básica e Secundária de Mêda', '346354', '909050', 'PÚBLICO', '9');
INSERT INTO Escola(idEscola, nome, codDGAE, codDGEEC, tipo, idConcelho) VALUES ('23', 'Escola Básica e Secundária de S. Martinho do Porto', '346342', '1001951', 'PÚBLICO', '1');
INSERT INTO Escola(idEscola, nome, codDGAE, codDGEEC, tipo, idConcelho) VALUES ('24', 'Escola Básica e Secundária Dr. Manuel Ribeiro Ferreira', '345829', '1002365', 'PÚBLICO', '2');
INSERT INTO Escola(idEscola, nome, codDGAE, codDGEEC, tipo, idConcelho) VALUES ('25', 'Escola Básica e Secundária Dr. Pascoal José de Mello, Ansião', '346330', '1003989', 'PÚBLICO', '3');
INSERT INTO Escola(idEscola, nome, codDGAE, codDGEEC, tipo, idConcelho) VALUES ('26', 'Escola Básica e Secundária Joaquim Inácio da Cruz Sobral', '404573', '1112383', 'PÚBLICO', '12');
INSERT INTO Escola(idEscola, nome, codDGAE, codDGEEC, tipo, idConcelho) VALUES ('27', 'Escola Básica e Secundária Padre José Agostinho Rodrigues', '345982', '1201458', 'PÚBLICO', '1');
INSERT INTO Escola(idEscola, nome, codDGAE, codDGEEC, tipo, idConcelho) VALUES ('28', 'Escola Básica e Secundária Prof. Mendes Remédios, Nisa', '346056', '1212795', 'PÚBLICO', '12');
INSERT INTO Escola(idEscola, nome, codDGAE, codDGEEC, tipo, idConcelho) VALUES ('29', 'Escola Básica e Secundária de Vale de Ovil, Baião', '345702', '1302721', 'PÚBLICO', '2');
INSERT INTO Escola(idEscola, nome, codDGAE, codDGEEC, tipo, idConcelho) VALUES ('30', 'Escola Secundária de São Pedro da Cova, Gondomar', '403404', '1304328', 'PÚBLICO', '4');
INSERT INTO Escola(idEscola, nome, codDGAE, codDGEEC, tipo, idConcelho) VALUES ('31', 'Escola Básica e Secundária de Lordelo, Paredes', '346391', '1310046', 'PÚBLICO', '10');
INSERT INTO Escola(idEscola, nome, codDGAE, codDGEEC, tipo, idConcelho) VALUES ('32', 'Escola Básica e Secundária de José Relvas, Alpiarça', '345854', '1404524', 'PÚBLICO', '4');
INSERT INTO Escola(idEscola, nome, codDGAE, codDGEEC, tipo, idConcelho) VALUES ('33', 'Escola Básica e Secundária de Chamusca', '346263', '1407450', 'PÚBLICO', '7');
INSERT INTO Escola(idEscola, nome, codDGAE, codDGEEC, tipo, idConcelho) VALUES ('34', 'Escola Básica e Secundária Pedro Ferreiro', '346251', '1411566', 'PÚBLICO', '11');
INSERT INTO Escola(idEscola, nome, codDGAE, codDGEEC, tipo, idConcelho) VALUES ('35', 'Escola Básica e Secundária de Mestre Martins Correia, Golegã', '346240', '1412567', 'PÚBLICO', '12');
INSERT INTO Escola(idEscola, nome, codDGAE, codDGEEC, tipo, idConcelho) VALUES ('36', 'Escola Básica e Secundária Dr.ª Maria Judite Serrão Andrade, Sardoal', '346111', '1417797', 'PÚBLICO', '17');
INSERT INTO Escola(idEscola, nome, codDGAE, codDGEEC, tipo, idConcelho) VALUES ('37', 'Escola Básica e Secundária D. Maria II de Vila Nova da Barquinha', '346238', '1420382', 'PÚBLICO', '20');
INSERT INTO Escola(idEscola, nome, codDGAE, codDGEEC, tipo, idConcelho) VALUES ('38', 'Escola Básica e Secundária Sidónio Pais, Vilarelho, Caminha', '345714', '1602097', 'PÚBLICO', '2');
INSERT INTO Escola(idEscola, nome, codDGAE, codDGEEC, tipo, idConcelho) VALUES ('39', 'Escola Básica e Secundária de Melgaço', '345921', '1603190', 'PÚBLICO', '3');
INSERT INTO Escola(idEscola, nome, codDGAE, codDGEEC, tipo, idConcelho) VALUES ('40', 'Escola Básica e Secundária de Vila Nova de Cerveira', '346093', '1610981', 'PÚBLICO', '10');
INSERT INTO Escola(idEscola, nome, codDGAE, codDGEEC, tipo, idConcelho) VALUES ('41', 'Escola Básica e Secundária Professor António da Natividade, Mesão Frio', '346032', '1704848', 'PÚBLICO', '4');
INSERT INTO Escola(idEscola, nome, codDGAE, codDGEEC, tipo, idConcelho) VALUES ('42', 'Escola Básica e Secundária de Mondim de Basto', '346196', '1705801', 'PÚBLICO', '5');
INSERT INTO Escola(idEscola, nome, codDGAE, codDGEEC, tipo, idConcelho) VALUES ('43', 'Escola Básica e Secundária de Murça', '346305', '1707142', 'PÚBLICO', '7');
INSERT INTO Escola(idEscola, nome, codDGAE, codDGEEC, tipo, idConcelho) VALUES ('44', 'Escola Básica e Secundária de Ribeira de Pena', '346068', '1709092', 'PÚBLICO', '9');
INSERT INTO Escola(idEscola, nome, codDGAE, codDGEEC, tipo, idConcelho) VALUES ('45', 'Escola Básica e Secundária Miguel Torga, Sabrosa', '345945', '1710636', 'PÚBLICO', '10');
INSERT INTO Escola(idEscola, nome, codDGAE, codDGEEC, tipo, idConcelho) VALUES ('46', 'Escola Básica e Secundária Eng. Dionísio Augusto Cunha', '345842', '1809877', 'PÚBLICO', '9');
INSERT INTO Escola(idEscola, nome, codDGAE, codDGEEC, tipo, idConcelho) VALUES ('47', 'Escola Básica e Secundária de Oliveira de Frades', '346299', '1810946', 'PÚBLICO', '10');
INSERT INTO Escola(idEscola, nome, codDGAE, codDGEEC, tipo, idConcelho) VALUES ('48', 'Escola Básica e Secundária de Penalva do Castelo', '346019', '1811436', 'PÚBLICO', '11');
INSERT INTO Escola(idEscola, nome, codDGAE, codDGEEC, tipo, idConcelho) VALUES ('49', 'Escola Básica e Secundária de São João da Pesqueira', '346287', '1815360', 'PÚBLICO', '15');
INSERT INTO Escola(idEscola, nome, codDGAE, codDGEEC, tipo, idConcelho) VALUES ('50', 'Escola Básica e Secundária Abel Botelho, Tabuaço', '345684', '1819030', 'PÚBLICO', '19');
INSERT INTO Escola(idEscola, nome, codDGAE, codDGEEC, tipo, idConcelho) VALUES ('51', 'Escola Básica e Secundária Dr. José Leite de Vasconcelos, Tarouca', '346275', '1820735', 'PÚBLICO', '20');
INSERT INTO Escola(idEscola, nome, codDGAE, codDGEEC, tipo, idConcelho) VALUES ('52', 'Escola Básica e Secundária da Guia', '346329', '1015747', 'PÚBLICO', '15');
INSERT INTO Escola(idEscola, nome, codDGAE, codDGEEC, tipo, idConcelho) VALUES ('53', 'Escola Secundária de Caldas das Taipas, Guimarães', '401031', '308844', 'PÚBLICO', '8');
INSERT INTO Escola(idEscola, nome, codDGAE, codDGEEC, tipo, idConcelho) VALUES ('54', 'Escola Básica e Secundária da Batalha', '403600', '1004191', 'PÚBLICO', '4');
INSERT INTO Escola(idEscola, nome, codDGAE, codDGEEC, tipo, idConcelho) VALUES ('55', 'Escola Secundária José Estevão, Aveiro', '401961', '105783', 'PÚBLICO', '5');
INSERT INTO Escola(idEscola, nome, codDGAE, codDGEEC, tipo, idConcelho) VALUES ('56', 'Escola Básica e Secundária Dr. Manuel Laranjeira, Espinho', '401560', '107083', 'PÚBLICO', '7');
INSERT INTO Escola(idEscola, nome, codDGAE, codDGEEC, tipo, idConcelho) VALUES ('57', 'Escola Básica e Secundária Ferreira de Castro, Oliveira de Azeméis', '401742', '113147', 'PÚBLICO', '13');
INSERT INTO Escola(idEscola, nome, codDGAE, codDGEEC, tipo, idConcelho) VALUES ('58', 'Escola Secundária Júlio Dinis, Ovar', '402035', '115490', 'PÚBLICO', '15');
INSERT INTO Escola(idEscola, nome, codDGAE, codDGEEC, tipo, idConcelho) VALUES ('59', 'Escola Secundária João Silva Correia, São João da Madeira', '402023', '116286', 'PÚBLICO', '16');
INSERT INTO Escola(idEscola, nome, codDGAE, codDGEEC, tipo, idConcelho) VALUES ('60', 'Escola Secundária Diogo de Gouveia', '404627', '205196', 'PÚBLICO', '5');
INSERT INTO Escola(idEscola, nome, codDGAE, codDGEEC, tipo, idConcelho) VALUES ('61', 'Escola Secundária de Barcelos', '403799', '302096', 'PÚBLICO', '2');
INSERT INTO Escola(idEscola, nome, codDGAE, codDGEEC, tipo, idConcelho) VALUES ('62', 'Escola Secundária Sá de Miranda, Braga', '402849', '303947', 'PÚBLICO', '3');
INSERT INTO Escola(idEscola, nome, codDGAE, codDGEEC, tipo, idConcelho) VALUES ('63', 'Escola Secundária D. Maria II, Braga', '401341', '303900', 'PÚBLICO', '3');
INSERT INTO Escola(idEscola, nome, codDGAE, codDGEEC, tipo, idConcelho) VALUES ('64', 'Escola Secundária Martins Sarmento, Guimarães', '402187', '308117', 'PÚBLICO', '8');
INSERT INTO Escola(idEscola, nome, codDGAE, codDGEEC, tipo, idConcelho) VALUES ('65', 'Escola Secundária Camilo Castelo Branco, Vila Nova de Famalicão', '401055', '312577', 'PÚBLICO', '12');
INSERT INTO Escola(idEscola, nome, codDGAE, codDGEEC, tipo, idConcelho) VALUES ('66', 'Escola Secundária Emídio Garcia, Bragança', '401638', '402268', 'PÚBLICO', '2');
INSERT INTO Escola(idEscola, nome, codDGAE, codDGEEC, tipo, idConcelho) VALUES ('67', 'Escola Secundária Nuno Álvares, Castelo Branco', '402321', '502755', 'PÚBLICO', '2');
INSERT INTO Escola(idEscola, nome, codDGAE, codDGEEC, tipo, idConcelho) VALUES ('68', 'Escola Secundária Frei Heitor Pinto, Covilhã', '401821', '503911', 'PÚBLICO', '3');
INSERT INTO Escola(idEscola, nome, codDGAE, codDGEEC, tipo, idConcelho) VALUES ('69', 'Escola Secundária D. Duarte, Coimbra', '400075', '603582', 'PÚBLICO', '3');
INSERT INTO Escola(idEscola, nome, codDGAE, codDGEEC, tipo, idConcelho) VALUES ('70', 'Escola Secundária Infanta D. Maria, Coimbra', '400257', '603511', 'PÚBLICO', '3');
INSERT INTO Escola(idEscola, nome, codDGAE, codDGEEC, tipo, idConcelho) VALUES ('71', 'Escola Secundária José Falcão, Coimbra', '400294', '603872', 'PÚBLICO', '3');
INSERT INTO Escola(idEscola, nome, codDGAE, codDGEEC, tipo, idConcelho) VALUES ('72', 'Escola Secundária Dr. Joaquim de Carvalho', '401470', '605462', 'PÚBLICO', '5');
INSERT INTO Escola(idEscola, nome, codDGAE, codDGEEC, tipo, idConcelho) VALUES ('73', 'Escola Secundária André de Gouveia', '400853', '705100', 'PÚBLICO', '5');
INSERT INTO Escola(idEscola, nome, codDGAE, codDGEEC, tipo, idConcelho) VALUES ('74', 'Escola Secundária João de Deus', '400300', '805548', 'PÚBLICO', '5');
INSERT INTO Escola(idEscola, nome, codDGAE, codDGEEC, tipo, idConcelho) VALUES ('75', 'Escola Secundária Poeta António Aleixo', '400385', '811670', 'PÚBLICO', '11');
INSERT INTO Escola(idEscola, nome, codDGAE, codDGEEC, tipo, idConcelho) VALUES ('76', 'Escola Secundária Pinhal do Rei', '402503', '101987', 'PÚBLICO', '10');
INSERT INTO Escola(idEscola, nome, codDGAE, codDGEEC, tipo, idConcelho) VALUES ('77', 'Escola Secundária Afonso de Albuquerque', '400701', '907334', 'PÚBLICO', '7');
INSERT INTO Escola(idEscola, nome, codDGAE, codDGEEC, tipo, idConcelho) VALUES ('78', 'Escola Secundária Francisco Rodrigues Lobo', '400208', '1009767', 'PÚBLICO', '9');
INSERT INTO Escola(idEscola, nome, codDGAE, codDGEEC, tipo, idConcelho) VALUES ('79', 'Escola Secundária da Amadora', '400816', '1115808', 'PÚBLICO', '15');
INSERT INTO Escola(idEscola, nome, codDGAE, codDGEEC, tipo, idConcelho) VALUES ('80', 'Escola Secundária de S. João do Estoril', '400452', '1105970', 'PÚBLICO', '5');
INSERT INTO Escola(idEscola, nome, codDGAE, codDGEEC, tipo, idConcelho) VALUES ('81', 'Escola Secundária Camões', '401109', '1106584', 'PÚBLICO', '6');
INSERT INTO Escola(idEscola, nome, codDGAE, codDGEEC, tipo, idConcelho) VALUES ('82', 'Escola Secundária D. Dinis, Lisboa', '401250', '1106033', 'PÚBLICO', '6');
INSERT INTO Escola(idEscola, nome, codDGAE, codDGEEC, tipo, idConcelho) VALUES ('83', 'Escola Básica e Secundária D. Filipa de Lencastre', '401274', '1106402', 'PÚBLICO', '6');
INSERT INTO Escola(idEscola, nome, codDGAE, codDGEEC, tipo, idConcelho) VALUES ('84', 'Escola Secundária D. Pedro V', '400117', '1106646', 'PÚBLICO', '6');
INSERT INTO Escola(idEscola, nome, codDGAE, codDGEEC, tipo, idConcelho) VALUES ('85', 'Escola Básica e Secundária Gil Vicente', '401857', '1106053', 'PÚBLICO', '6');
INSERT INTO Escola(idEscola, nome, codDGAE, codDGEEC, tipo, idConcelho) VALUES ('86', 'Escola Secundária Maria Amália Vaz de Carvalho', '400348', '1106998', 'PÚBLICO', '6');
INSERT INTO Escola(idEscola, nome, codDGAE, codDGEEC, tipo, idConcelho) VALUES ('87', 'Escola Secundária Padre António Vieira', '404433', '1106615', 'PÚBLICO', '6');
INSERT INTO Escola(idEscola, nome, codDGAE, codDGEEC, tipo, idConcelho) VALUES ('88', 'Escola Básica e Secundária Passos Manuel', '402436', '1106019', 'PÚBLICO', '6');
INSERT INTO Escola(idEscola, nome, codDGAE, codDGEEC, tipo, idConcelho) VALUES ('89', 'Escola Secundária com 3º Ciclo Pedro Nunes', '404652', '1106623', 'PÚBLICO', '6');
INSERT INTO Escola(idEscola, nome, codDGAE, codDGEEC, tipo, idConcelho) VALUES ('90', 'Escola Secundária Rainha D. Amélia', '404408', '1106607', 'PÚBLICO', '6');
INSERT INTO Escola(idEscola, nome, codDGAE, codDGEEC, tipo, idConcelho) VALUES ('91', 'Escola Secundária Rainha D. Leonor', '402631', '1106454', 'PÚBLICO', '6');
INSERT INTO Escola(idEscola, nome, codDGAE, codDGEEC, tipo, idConcelho) VALUES ('92', 'Escola Secundária Sebastião e Silva', '400439', '1110646', 'PÚBLICO', '10');
INSERT INTO Escola(idEscola, nome, codDGAE, codDGEEC, tipo, idConcelho) VALUES ('93', 'Escola Secundária Padre Alberto Neto', '402369', '1111226', 'PÚBLICO', '11');
INSERT INTO Escola(idEscola, nome, codDGAE, codDGEEC, tipo, idConcelho) VALUES ('94', 'Escola Secundária Santa Maria de Sintra', '400415', '1111464', 'PÚBLICO', '11');
INSERT INTO Escola(idEscola, nome, codDGAE, codDGEEC, tipo, idConcelho) VALUES ('95', 'Escola Secundária Madeira Torres', '402102', '1113277', 'PÚBLICO', '13');
INSERT INTO Escola(idEscola, nome, codDGAE, codDGEEC, tipo, idConcelho) VALUES ('96', 'Escola Secundária de Figueiró dos Vinhos', '403581', '1008861', 'PÚBLICO', '8');
INSERT INTO Escola(idEscola, nome, codDGAE, codDGEEC, tipo, idConcelho) VALUES ('97', 'Escola Secundária Mouzinho da Silveira', '402310', '1214002', 'PÚBLICO', '14');
INSERT INTO Escola(idEscola, nome, codDGAE, codDGEEC, tipo, idConcelho) VALUES ('98', 'Escola Secundária Augusto Gomes, Matosinhos', '400956', '1308792', 'PÚBLICO', '8');
INSERT INTO Escola(idEscola, nome, codDGAE, codDGEEC, tipo, idConcelho) VALUES ('99', 'Escola Secundária de Valbom, Gondomar', '403428', '1304806', 'PÚBLICO', '4');
INSERT INTO Escola(idEscola, nome, codDGAE, codDGEEC, tipo, idConcelho) VALUES ('100', 'Escola Secundária Alexandre Herculano, Porto', '404445', '1312658', 'PÚBLICO', '12');
INSERT INTO Escola(idEscola, nome, codDGAE, codDGEEC, tipo, idConcelho) VALUES ('101', 'Escola Secundária António Nobre, Porto', '404585', '1312225', 'PÚBLICO', '12');
INSERT INTO Escola(idEscola, nome, codDGAE, codDGEEC, tipo, idConcelho) VALUES ('102', 'Escola Básica e Secundária Carolina Michaelis, Porto', '401134', '1312054', 'PÚBLICO', '12');
INSERT INTO Escola(idEscola, nome, codDGAE, codDGEEC, tipo, idConcelho) VALUES ('103', 'Escola Básica e Secundária Rodrigues de Freitas, Porto', '402709', '1312958', 'PÚBLICO', '12');
INSERT INTO Escola(idEscola, nome, codDGAE, codDGEEC, tipo, idConcelho) VALUES ('104', 'Escola Secundária Garcia de Orta, Porto', '401845', '1312772', 'PÚBLICO', '12');
INSERT INTO Escola(idEscola, nome, codDGAE, codDGEEC, tipo, idConcelho) VALUES ('105', 'Escola Secundária Eça de Queirós, Póvoa de Varzim', '401675', '1313392', 'PÚBLICO', '13');
INSERT INTO Escola(idEscola, nome, codDGAE, codDGEEC, tipo, idConcelho) VALUES ('106', 'Escola Básica e Secundária D. Dinis, Santo Tirso', '401237', '1314986', 'PÚBLICO', '14');
INSERT INTO Escola(idEscola, nome, codDGAE, codDGEEC, tipo, idConcelho) VALUES ('107', 'Escola Secundária Almeida Garrett, Vila Nova de Gaia', '400798', '1317738', 'PÚBLICO', '17');
INSERT INTO Escola(idEscola, nome, codDGAE, codDGEEC, tipo, idConcelho) VALUES ('108', 'Escola Secundária Dr. Manuel Fernandes', '401547', '1401539', 'PÚBLICO', '1');
INSERT INTO Escola(idEscola, nome, codDGAE, codDGEEC, tipo, idConcelho) VALUES ('109', 'Escola Secundária Sá da Bandeira', '402837', '1416367', 'PÚBLICO', '16');
INSERT INTO Escola(idEscola, nome, codDGAE, codDGEEC, tipo, idConcelho) VALUES ('110', 'Escola Secundária Santa Maria do Olival', '402734', '1418344', 'PÚBLICO', '18');
INSERT INTO Escola(idEscola, nome, codDGAE, codDGEEC, tipo, idConcelho) VALUES ('111', 'Escola Secundária Fernão Mendes Pinto', '401729', '1503812', 'PÚBLICO', '3');
INSERT INTO Escola(idEscola, nome, codDGAE, codDGEEC, tipo, idConcelho) VALUES ('112', 'Escola Secundária de Casquilhos', '401160', '1504144', 'PÚBLICO', '4');
INSERT INTO Escola(idEscola, nome, codDGAE, codDGEEC, tipo, idConcelho) VALUES ('113', 'Escola Secundária Bocage', '401018', '1512251', 'PÚBLICO', '12');
INSERT INTO Escola(idEscola, nome, codDGAE, codDGEEC, tipo, idConcelho) VALUES ('114', 'Escola Secundária de Santa Maria Maior, Viana do Castelo', '400427', '1609486', 'PÚBLICO', '9');
INSERT INTO Escola(idEscola, nome, codDGAE, codDGEEC, tipo, idConcelho) VALUES ('115', 'Escola Básica e Secundária Fernão de Magalhães, Chaves', '401717', '1703324', 'PÚBLICO', '3');
INSERT INTO Escola(idEscola, nome, codDGAE, codDGEEC, tipo, idConcelho) VALUES ('116', 'Escola Secundária Camilo Castelo Branco, Vila Real', '401079', '1714208', 'PÚBLICO', '14');
INSERT INTO Escola(idEscola, nome, codDGAE, codDGEEC, tipo, idConcelho) VALUES ('117', 'Escola Secundária Latino Coelho, Lamego', '402047', '1805131', 'PÚBLICO', '5');
INSERT INTO Escola(idEscola, nome, codDGAE, codDGEEC, tipo, idConcelho) VALUES ('118', 'Escola Secundária Alves Martins', '400002', '1823491', 'PÚBLICO', '23');
INSERT INTO Escola(idEscola, nome, codDGAE, codDGEEC, tipo, idConcelho) VALUES ('119', 'Escola Básica e Secundária Miguel Torga, Bragança', '402230', '402347', 'PÚBLICO', '2');
INSERT INTO Escola(idEscola, nome, codDGAE, codDGEEC, tipo, idConcelho) VALUES ('120', 'Escola Secundária de Gafanha da Nazaré', '403921', '110395', 'PÚBLICO', '10');
INSERT INTO Escola(idEscola, nome, codDGAE, codDGEEC, tipo, idConcelho) VALUES ('121', 'Escola Básica e Secundária de Paredes de Coura', '343833', '1605387', 'PÚBLICO', '5');
INSERT INTO Escola(idEscola, nome, codDGAE, codDGEEC, tipo, idConcelho) VALUES ('122', 'Escola Secundária Morgado de Mateus, Vila Real', '402291', '1714970', 'PÚBLICO', '14');
INSERT INTO Escola(idEscola, nome, codDGAE, codDGEEC, tipo, idConcelho) VALUES ('123', 'Escola Secundária Dr. António Granjo, Chaves', '401407', '1703325', 'PÚBLICO', '3');
INSERT INTO Escola(idEscola, nome, codDGAE, codDGEEC, tipo, idConcelho) VALUES ('124', 'Escola Secundária de Sertã', '400658', '509302', 'PÚBLICO', '9');
INSERT INTO Escola(idEscola, nome, codDGAE, codDGEEC, tipo, idConcelho) VALUES ('125', 'Escola Secundária Cristina Torres, Figueira da Foz', '401225', '605319', 'PÚBLICO', '5');
INSERT INTO Escola(idEscola, nome, codDGAE, codDGEEC, tipo, idConcelho) VALUES ('126', 'Escola Secundária D. Dinis, Coimbra', '401249', '603779', 'PÚBLICO', '3');
INSERT INTO Escola(idEscola, nome, codDGAE, codDGEEC, tipo, idConcelho) VALUES ('127', 'Escola Secundária do Forte da Casa', '400191', '1114874', 'PÚBLICO', '14');
INSERT INTO Escola(idEscola, nome, codDGAE, codDGEEC, tipo, idConcelho) VALUES ('128', 'Escola Básica e Secundária de Alvide', '400804', '1105122', 'PÚBLICO', '5');
INSERT INTO Escola(idEscola, nome, codDGAE, codDGEEC, tipo, idConcelho) VALUES ('129', 'Escola Secundária de S. João da Talha', '404664', '1107117', 'PÚBLICO', '7');
INSERT INTO Escola(idEscola, nome, codDGAE, codDGEEC, tipo, idConcelho) VALUES ('130', 'Escola Secundária Braancamp Freire, Pontinha', '401020', '1107245', 'PÚBLICO', '16');
INSERT INTO Escola(idEscola, nome, codDGAE, codDGEEC, tipo, idConcelho) VALUES ('131', 'Escola Secundária Leal da Câmara', '402059', '1111170', 'PÚBLICO', '11');
INSERT INTO Escola(idEscola, nome, codDGAE, codDGEEC, tipo, idConcelho) VALUES ('132', 'Escola Secundária Abel Salazar, São Mamede de Infesta, Matosinhos', '400683', '1308872', 'PÚBLICO', '8');
INSERT INTO Escola(idEscola, nome, codDGAE, codDGEEC, tipo, idConcelho) VALUES ('133', 'Escola Básica e Secundária Dr. Bento da Cruz, Montalegre', '346780', '1706742', 'PÚBLICO', '6');
INSERT INTO Escola(idEscola, nome, codDGAE, codDGEEC, tipo, idConcelho) VALUES ('134', 'Escola Secundária de Vila Verde', '403751', '313847', 'PÚBLICO', '13');
INSERT INTO Escola(idEscola, nome, codDGAE, codDGEEC, tipo, idConcelho) VALUES ('135', 'Escola Secundária de Maximinos, Braga', '402205', '303089', 'PÚBLICO', '3');
INSERT INTO Escola(idEscola, nome, codDGAE, codDGEEC, tipo, idConcelho) VALUES ('136', 'Escola Secundária Pedro Alexandrino', '402450', '1107558', 'PÚBLICO', '16');
INSERT INTO Escola(idEscola, nome, codDGAE, codDGEEC, tipo, idConcelho) VALUES ('137', 'Escola Básica e Secundária de Alcains, Castelo Branco', '403660', '502518', 'PÚBLICO', '2');
INSERT INTO Escola(idEscola, nome, codDGAE, codDGEEC, tipo, idConcelho) VALUES ('138', 'Escola Secundária de Sabugal', '403611', '911829', 'PÚBLICO', '11');
INSERT INTO Escola(idEscola, nome, codDGAE, codDGEEC, tipo, idConcelho) VALUES ('139', 'Escola Secundária João de Barros', '402000', '1510410', 'PÚBLICO', '10');
INSERT INTO Escola(idEscola, nome, codDGAE, codDGEEC, tipo, idConcelho) VALUES ('140', 'Escola Básica e Secundária Aquilino Ribeiro', '346767', '1110579', 'PÚBLICO', '10');
INSERT INTO Escola(idEscola, nome, codDGAE, codDGEEC, tipo, idConcelho) VALUES ('141', 'Escola Secundária Dr. João Lopes de Morais, Mortágua', '401523', '1808049', 'PÚBLICO', '8');
INSERT INTO Escola(idEscola, nome, codDGAE, codDGEEC, tipo, idConcelho) VALUES ('142', 'Escola Básica e Secundária de Águas Santas, Maia', '403398', '1306934', 'PÚBLICO', '6');
INSERT INTO Escola(idEscola, nome, codDGAE, codDGEEC, tipo, idConcelho) VALUES ('143', 'Escola Secundária de Barcelinhos, Barcelos', '403787', '302719', 'PÚBLICO', '2');
INSERT INTO Escola(idEscola, nome, codDGAE, codDGEEC, tipo, idConcelho) VALUES ('144', 'Escola Secundária Marquesa de Alorna, Almeirim', '402175', '1403268', 'PÚBLICO', '3');
INSERT INTO Escola(idEscola, nome, codDGAE, codDGEEC, tipo, idConcelho) VALUES ('145', 'Escola Secundária de Camarate', '403490', '1107068', 'PÚBLICO', '7');
INSERT INTO Escola(idEscola, nome, codDGAE, codDGEEC, tipo, idConcelho) VALUES ('146', 'Escola Básica e Secundária Henrique Sommer, Maceira', '345910', '1009116', 'PÚBLICO', '9');
INSERT INTO Escola(idEscola, nome, codDGAE, codDGEEC, tipo, idConcelho) VALUES ('147', 'Escola Básica e Secundária de Barroselas, Viana do Castelo', '346202', '1609922', 'PÚBLICO', '9');
INSERT INTO Escola(idEscola, nome, codDGAE, codDGEEC, tipo, idConcelho) VALUES ('148', 'Escola Básica e Secundária de Monte da Ola, Viana do Castelo', '345957', '1609085', 'PÚBLICO', '9');
INSERT INTO Escola(idEscola, nome, codDGAE, codDGEEC, tipo, idConcelho) VALUES ('149', 'Escola Secundária de Miraflores', '402242', '1110737', 'PÚBLICO', '10');
INSERT INTO Escola(idEscola, nome, codDGAE, codDGEEC, tipo, idConcelho) VALUES ('150', 'Escola Secundária Artur Gonçalves', '400944', '1419522', 'PÚBLICO', '19');
INSERT INTO Escola(idEscola, nome, codDGAE, codDGEEC, tipo, idConcelho) VALUES ('151', 'Escola Secundária Dr. Mário Sacramento, Aveiro', '400970', '105250', 'PÚBLICO', '5');
INSERT INTO Escola(idEscola, nome, codDGAE, codDGEEC, tipo, idConcelho) VALUES ('152', 'Escola Básica e Secundária Dr. Manuel Gomes Almeida, Espinho', '401559', '107743', 'PÚBLICO', '7');
INSERT INTO Escola(idEscola, nome, codDGAE, codDGEEC, tipo, idConcelho) VALUES ('153', 'Escola Básica e Secundária Coelho e Castro, Santa Maria da Feira', '340900', '109632', 'PÚBLICO', '9');
INSERT INTO Escola(idEscola, nome, codDGAE, codDGEEC, tipo, idConcelho) VALUES ('154', 'Escola Básica e Secundária Soares Basto, Oliveira de Azeméis', '403003', '113278', 'PÚBLICO', '13');
INSERT INTO Escola(idEscola, nome, codDGAE, codDGEEC, tipo, idConcelho) VALUES ('155', 'Escola Secundária Dr. José Macedo Fragateiro, Ovar', '401493', '115226', 'PÚBLICO', '15');
INSERT INTO Escola(idEscola, nome, codDGAE, codDGEEC, tipo, idConcelho) VALUES ('156', 'Escola Básica e Secundária Dr. Serafim Leite, São João da Madeira', '402771', '116413', 'PÚBLICO', '16');
INSERT INTO Escola(idEscola, nome, codDGAE, codDGEEC, tipo, idConcelho) VALUES ('157', 'Escola Secundária D. Manuel I, Beja', '404615', '205017', 'PÚBLICO', '5');
INSERT INTO Escola(idEscola, nome, codDGAE, codDGEEC, tipo, idConcelho) VALUES ('158', 'Escola Secundária de Serpa', '402783', '213327', 'PÚBLICO', '13');
INSERT INTO Escola(idEscola, nome, codDGAE, codDGEEC, tipo, idConcelho) VALUES ('159', 'Escola Secundária Alcaides de Faria, Barcelos', '400750', '302707', 'PÚBLICO', '2');
INSERT INTO Escola(idEscola, nome, codDGAE, codDGEEC, tipo, idConcelho) VALUES ('160', 'Escola Secundária Alberto Sampaio, Braga', '400737', '303753', 'PÚBLICO', '3');
INSERT INTO Escola(idEscola, nome, codDGAE, codDGEEC, tipo, idConcelho) VALUES ('161', 'Escola Secundária Carlos Amarante, Braga', '401122', '303173', 'PÚBLICO', '3');
INSERT INTO Escola(idEscola, nome, codDGAE, codDGEEC, tipo, idConcelho) VALUES ('162', 'Escola Secundária Francisco de Holanda, Guimarães', '401791', '308115', 'PÚBLICO', '8');
INSERT INTO Escola(idEscola, nome, codDGAE, codDGEEC, tipo, idConcelho) VALUES ('163', 'Escola Secundária D. Sancho I, Vila Nova de Famalicão', '401377', '312521', 'PÚBLICO', '12');
INSERT INTO Escola(idEscola, nome, codDGAE, codDGEEC, tipo, idConcelho) VALUES ('164', 'Escola Secundária Abade de Baçal, Bragança', '400671', '402272', 'PÚBLICO', '2');
INSERT INTO Escola(idEscola, nome, codDGAE, codDGEEC, tipo, idConcelho) VALUES ('165', 'Escola Secundária Amato Lusitano, Castelo Branco', '400830', '502272', 'PÚBLICO', '2');
INSERT INTO Escola(idEscola, nome, codDGAE, codDGEEC, tipo, idConcelho) VALUES ('166', 'Escola Secundária Campos de Melo, Covilhã', '401092', '503784', 'PÚBLICO', '3');
INSERT INTO Escola(idEscola, nome, codDGAE, codDGEEC, tipo, idConcelho) VALUES ('167', 'Escola Secundária Avelar Brotero, Coimbra', '400026', '603211', 'PÚBLICO', '3');
INSERT INTO Escola(idEscola, nome, codDGAE, codDGEEC, tipo, idConcelho) VALUES ('168', 'Escola Secundária Jaime Cortesão', '400282', '603271', 'PÚBLICO', '3');
INSERT INTO Escola(idEscola, nome, codDGAE, codDGEEC, tipo, idConcelho) VALUES ('169', 'Escola Secundária Dr. Bernardino Machado', '400993', '605976', 'PÚBLICO', '5');
INSERT INTO Escola(idEscola, nome, codDGAE, codDGEEC, tipo, idConcelho) VALUES ('170', 'Escola Secundária Gabriel Pereira', '400210', '705810', 'PÚBLICO', '5');
INSERT INTO Escola(idEscola, nome, codDGAE, codDGEEC, tipo, idConcelho) VALUES ('171', 'Escola Secundária Tomás Cabreira, Faro', '400476', '805156', 'PÚBLICO', '5');
INSERT INTO Escola(idEscola, nome, codDGAE, codDGEEC, tipo, idConcelho) VALUES ('172', 'Escola Secundária Manuel Teixeira Gomes, Portimão', '400336', '811169', 'PÚBLICO', '11');
INSERT INTO Escola(idEscola, nome, codDGAE, codDGEEC, tipo, idConcelho) VALUES ('173', 'Escola Secundária de Albufeira', '400506', '801853', 'PÚBLICO', '1');
INSERT INTO Escola(idEscola, nome, codDGAE, codDGEEC, tipo, idConcelho) VALUES ('174', 'Escola Secundária da Sé, Guarda', '402886', '907230', 'PÚBLICO', '7');
INSERT INTO Escola(idEscola, nome, codDGAE, codDGEEC, tipo, idConcelho) VALUES ('175', 'Escola Secundária Rafael Bordalo Pinheiro', '402618', '1006383', 'PÚBLICO', '6');
INSERT INTO Escola(idEscola, nome, codDGAE, codDGEEC, tipo, idConcelho) VALUES ('176', 'Escola Secundária Domingos Sequeira', '400166', '1009997', 'PÚBLICO', '9');
INSERT INTO Escola(idEscola, nome, codDGAE, codDGEEC, tipo, idConcelho) VALUES ('177', 'Escola Secundária de Peniche', '402497', '1014481', 'PÚBLICO', '14');
INSERT INTO Escola(idEscola, nome, codDGAE, codDGEEC, tipo, idConcelho) VALUES ('178', 'Escola Secundária Gago Coutinho', '400221', '1114081', 'PÚBLICO', '14');
INSERT INTO Escola(idEscola, nome, codDGAE, codDGEEC, tipo, idConcelho) VALUES ('179', 'Escola Artística António Arroio', '404172', '1106869', 'PÚBLICO', '6');
INSERT INTO Escola(idEscola, nome, codDGAE, codDGEEC, tipo, idConcelho) VALUES ('180', 'Escola Secundária Fonseca Benevides', '401778', '1106713', 'PÚBLICO', '6');
INSERT INTO Escola(idEscola, nome, codDGAE, codDGEEC, tipo, idConcelho) VALUES ('181', 'Escola Secundária D. Luísa de Gusmão', '401330', '1106817', 'PÚBLICO', '6');
INSERT INTO Escola(idEscola, nome, codDGAE, codDGEEC, tipo, idConcelho) VALUES ('182', 'Escola Básica e Secundária Josefa de Óbidos, Lisboa', '401950', '1106394', 'PÚBLICO', '6');
INSERT INTO Escola(idEscola, nome, codDGAE, codDGEEC, tipo, idConcelho) VALUES ('183', 'Escola Básica e Secundária Gama Barros', '401833', '1111215', 'PÚBLICO', '11');
INSERT INTO Escola(idEscola, nome, codDGAE, codDGEEC, tipo, idConcelho) VALUES ('184', 'Escola Secundária Ferreira Dias', '401754', '1111507', 'PÚBLICO', '11');
INSERT INTO Escola(idEscola, nome, codDGAE, codDGEEC, tipo, idConcelho) VALUES ('185', 'Escola Secundária Henriques Nogueira', '401894', '1113692', 'PÚBLICO', '13');
INSERT INTO Escola(idEscola, nome, codDGAE, codDGEEC, tipo, idConcelho) VALUES ('186', 'Escola Secundária Alves Redol', '400014', '1114251', 'PÚBLICO', '14');
INSERT INTO Escola(idEscola, nome, codDGAE, codDGEEC, tipo, idConcelho) VALUES ('187', 'Escola Secundária de S. Lourenço', '402862', '1214234', 'PÚBLICO', '14');
INSERT INTO Escola(idEscola, nome, codDGAE, codDGEEC, tipo, idConcelho) VALUES ('188', 'Escola Secundária de Gondomar', '401869', '1304960', 'PÚBLICO', '4');
INSERT INTO Escola(idEscola, nome, codDGAE, codDGEEC, tipo, idConcelho) VALUES ('189', 'Escola Secundária João Gonçalves Zarco, Matosinhos', '402011', '1308345', 'PÚBLICO', '8');
INSERT INTO Escola(idEscola, nome, codDGAE, codDGEEC, tipo, idConcelho) VALUES ('190', 'Escola Básica e Secundária de Santo António', '402746', '1504723', 'PÚBLICO', '4');
INSERT INTO Escola(idEscola, nome, codDGAE, codDGEEC, tipo, idConcelho) VALUES ('191', 'Escola Artística Soares dos Reis, Porto', '404184', '1312617', 'PÚBLICO', '12');
INSERT INTO Escola(idEscola, nome, codDGAE, codDGEEC, tipo, idConcelho) VALUES ('192', 'Escola Secundária Filipa de Vilhena, Porto', '401766', '1312436', 'PÚBLICO', '12');
INSERT INTO Escola(idEscola, nome, codDGAE, codDGEEC, tipo, idConcelho) VALUES ('193', 'Escola Secundária Aurélia de Sousa, Porto', '400968', '1312593', 'PÚBLICO', '12');
INSERT INTO Escola(idEscola, nome, codDGAE, codDGEEC, tipo, idConcelho) VALUES ('194', 'Escola Básica e Secundária Fontes Pereira de Melo, Porto', '401780', '1312511', 'PÚBLICO', '12');
INSERT INTO Escola(idEscola, nome, codDGAE, codDGEEC, tipo, idConcelho) VALUES ('195', 'Escola Básica e Secundária Clara de Resende, Porto', '346779', '1312002', 'PÚBLICO', '12');
INSERT INTO Escola(idEscola, nome, codDGAE, codDGEEC, tipo, idConcelho) VALUES ('196', 'Escola Secundária Rocha Peixoto, Póvoa de Varzim', '402680', '1313003', 'PÚBLICO', '13');
INSERT INTO Escola(idEscola, nome, codDGAE, codDGEEC, tipo, idConcelho) VALUES ('197', 'Escola Secundária Tomaz Pelayo, Santo Tirso', '402916', '1314752', 'PÚBLICO', '14');
INSERT INTO Escola(idEscola, nome, codDGAE, codDGEEC, tipo, idConcelho) VALUES ('198', 'Escola Secundária António Sérgio, Vila Nova de Gaia', '400919', '1317671', 'PÚBLICO', '17');
INSERT INTO Escola(idEscola, nome, codDGAE, codDGEEC, tipo, idConcelho) VALUES ('199', 'Escola Secundária Dr. Solano de Abreu', '402801', '1401588', 'PÚBLICO', '1');
INSERT INTO Escola(idEscola, nome, codDGAE, codDGEEC, tipo, idConcelho) VALUES ('200', 'Escola Secundária Dr. Ginestal Machado', '401444', '1416130', 'PÚBLICO', '16');
INSERT INTO Escola(idEscola, nome, codDGAE, codDGEEC, tipo, idConcelho) VALUES ('201', 'Escola Secundária Jácome Ratton', '400270', '1418819', 'PÚBLICO', '18');
INSERT INTO Escola(idEscola, nome, codDGAE, codDGEEC, tipo, idConcelho) VALUES ('202', 'Escola Básica e Secundária Anselmo de Andrade', '400877', '1503057', 'PÚBLICO', '3');
INSERT INTO Escola(idEscola, nome, codDGAE, codDGEEC, tipo, idConcelho) VALUES ('203', 'Escola Secundária Emídio Navarro, Almada', '401614', '1503927', 'PÚBLICO', '3');
INSERT INTO Escola(idEscola, nome, codDGAE, codDGEEC, tipo, idConcelho) VALUES ('204', 'Escola Básica e Secundária Alfredo da Silva', '400774', '1504565', 'PÚBLICO', '4');
INSERT INTO Escola(idEscola, nome, codDGAE, codDGEEC, tipo, idConcelho) VALUES ('205', 'Escola Secundária José Afonso', '401481', '1510226', 'PÚBLICO', '10');
INSERT INTO Escola(idEscola, nome, codDGAE, codDGEEC, tipo, idConcelho) VALUES ('206', 'Escola Secundária Sebastião da Gama', '402758', '1512728', 'PÚBLICO', '12');
INSERT INTO Escola(idEscola, nome, codDGAE, codDGEEC, tipo, idConcelho) VALUES ('207', 'Escola Secundária de Ponte de Lima', '403039', '1607424', 'PÚBLICO', '7');
INSERT INTO Escola(idEscola, nome, codDGAE, codDGEEC, tipo, idConcelho) VALUES ('208', 'Escola Secundária de Monserrate, Viana do Castelo', '400361', '1609311', 'PÚBLICO', '9');
INSERT INTO Escola(idEscola, nome, codDGAE, codDGEEC, tipo, idConcelho) VALUES ('209', 'Escola Secundária Dr. Júlio Martins, Chaves', '401535', '1703358', 'PÚBLICO', '3');
INSERT INTO Escola(idEscola, nome, codDGAE, codDGEEC, tipo, idConcelho) VALUES ('210', 'Escola Secundária São Pedro, Vila Real', '402874', '1714320', 'PÚBLICO', '14');
INSERT INTO Escola(idEscola, nome, codDGAE, codDGEEC, tipo, idConcelho) VALUES ('211', 'Escola Secundária Daniel Sampaio', '403260', '1503734', 'PÚBLICO', '3');
INSERT INTO Escola(idEscola, nome, codDGAE, codDGEEC, tipo, idConcelho) VALUES ('212', 'Escola Básica e Secundária da Sé, Lamego', '402898', '1805257', 'PÚBLICO', '5');
INSERT INTO Escola(idEscola, nome, codDGAE, codDGEEC, tipo, idConcelho) VALUES ('213', 'Escola Secundária Emídio Navarro, Viseu', '401626', '1823050', 'PÚBLICO', '23');
INSERT INTO Escola(idEscola, nome, codDGAE, codDGEEC, tipo, idConcelho) VALUES ('214', 'Escola Secundária de Caneças', '403544', '1107812', 'PÚBLICO', '16');
INSERT INTO Escola(idEscola, nome, codDGAE, codDGEEC, tipo, idConcelho) VALUES ('215', 'Escola Secundária Vergílio Ferreira', '402965', '1106216', 'PÚBLICO', '6');
INSERT INTO Escola(idEscola, nome, codDGAE, codDGEEC, tipo, idConcelho) VALUES ('216', 'Escola Secundária de Lousada', '402060', '1305015', 'PÚBLICO', '5');
INSERT INTO Escola(idEscola, nome, codDGAE, codDGEEC, tipo, idConcelho) VALUES ('217', 'Escola Secundária da Boa Nova, Leça da Palmeira, Matosinhos', '401006', '1308419', 'PÚBLICO', '8');
INSERT INTO Escola(idEscola, nome, codDGAE, codDGEEC, tipo, idConcelho) VALUES ('218', 'Escola Básica e Secundária Quinta das Flores, Coimbra', '402590', '603405', 'PÚBLICO', '3');
INSERT INTO Escola(idEscola, nome, codDGAE, codDGEEC, tipo, idConcelho) VALUES ('219', 'Escola Básica e Secundária D. Afonso III, Vinhais', '403672', '412497', 'PÚBLICO', '12');
INSERT INTO Escola(idEscola, nome, codDGAE, codDGEEC, tipo, idConcelho) VALUES ('220', 'Escola Secundária Professor Doutor Flávio F. Pinto Resende, Cinfães', '402564', '1804942', 'PÚBLICO', '4');
INSERT INTO Escola(idEscola, nome, codDGAE, codDGEEC, tipo, idConcelho) VALUES ('221', 'Escola Secundária José Cardoso Pires', '403532', '1107474', 'PÚBLICO', '7');
INSERT INTO Escola(idEscola, nome, codDGAE, codDGEEC, tipo, idConcelho) VALUES ('222', 'Escola Secundária Viriato, Viseu', '402977', '1823819', 'PÚBLICO', '23');
INSERT INTO Escola(idEscola, nome, codDGAE, codDGEEC, tipo, idConcelho) VALUES ('223', 'Escola Básica e Secundária de Vila Flor', '346184', '410378', 'PÚBLICO', '10');
INSERT INTO Escola(idEscola, nome, codDGAE, codDGEEC, tipo, idConcelho) VALUES ('224', 'Escola Secundária António Damásio', '400397', '1106762', 'PÚBLICO', '6');
INSERT INTO Escola(idEscola, nome, codDGAE, codDGEEC, tipo, idConcelho) VALUES ('225', 'Escola Secundária de Amares', '403805', '301001', 'PÚBLICO', '1');
INSERT INTO Escola(idEscola, nome, codDGAE, codDGEEC, tipo, idConcelho) VALUES ('226', 'Escola Secundária Augusto Cabrita, Alto do Seixalinho', '403246', '1504448', 'PÚBLICO', '4');
INSERT INTO Escola(idEscola, nome, codDGAE, codDGEEC, tipo, idConcelho) VALUES ('227', 'Escola Básica e Secundária Mães de Água, Falagueira', '403477', '1115822', 'PÚBLICO', '15');
INSERT INTO Escola(idEscola, nome, codDGAE, codDGEEC, tipo, idConcelho) VALUES ('228', 'Escola Secundária de Castro Verde', '403866', '206205', 'PÚBLICO', '6');
INSERT INTO Escola(idEscola, nome, codDGAE, codDGEEC, tipo, idConcelho) VALUES ('229', 'Escola Secundária Poeta Joaquim Serra', '402539', '1507684', 'PÚBLICO', '7');
INSERT INTO Escola(idEscola, nome, codDGAE, codDGEEC, tipo, idConcelho) VALUES ('230', 'Escola Secundária do Pinhal Novo', '403222', '1508411', 'PÚBLICO', '8');
INSERT INTO Escola(idEscola, nome, codDGAE, codDGEEC, tipo, idConcelho) VALUES ('231', 'Escola Secundária Padre Antº Martins Oliveira, Lagoa', '402382', '806460', 'PÚBLICO', '6');
INSERT INTO Escola(idEscola, nome, codDGAE, codDGEEC, tipo, idConcelho) VALUES ('232', 'Escola Básica e Secundária Pintor José de Brito, Viana do Castelo', '346020', '1609118', 'PÚBLICO', '9');
INSERT INTO Escola(idEscola, nome, codDGAE, codDGEEC, tipo, idConcelho) VALUES ('233', 'Escola Básica e Secundária do Baixo Barroso, Venda Nova, Montalegre', '345696', '1706541', 'PÚBLICO', '6');
INSERT INTO Escola(idEscola, nome, codDGAE, codDGEEC, tipo, idConcelho) VALUES ('234', 'Escola Básica e Secundária de Arcozelo, Ponte de Lima', '346214', '1607085', 'PÚBLICO', '7');
INSERT INTO Escola(idEscola, nome, codDGAE, codDGEEC, tipo, idConcelho) VALUES ('235', 'Escola Básica e Secundária de Arga e Lima, Lanheses, Viana do Castelo', '346123', '1609141', 'PÚBLICO', '9');
INSERT INTO Escola(idEscola, nome, codDGAE, codDGEEC, tipo, idConcelho) VALUES ('236', 'Escola Básica e Secundária de Salvaterra de Magos', '403271', '1415949', 'PÚBLICO', '15');
INSERT INTO Escola(idEscola, nome, codDGAE, codDGEEC, tipo, idConcelho) VALUES ('237', 'Escola Básica e Secundária de S. Sebastião de Mértola', '346135', '209872', 'PÚBLICO', '9');
INSERT INTO Escola(idEscola, nome, codDGAE, codDGEEC, tipo, idConcelho) VALUES ('238', 'Escola Secundária Poeta Al Berto', '403192', '1513749', 'PÚBLICO', '13');
INSERT INTO Escola(idEscola, nome, codDGAE, codDGEEC, tipo, idConcelho) VALUES ('239', 'Escola Básica e Secundária de Vilar Formoso', '346378', '902777', 'PÚBLICO', '2');
INSERT INTO Escola(idEscola, nome, codDGAE, codDGEEC, tipo, idConcelho) VALUES ('240', 'Escola Secundária Joaquim de Araújo, Guilhufe, Penafiel', '402485', '1311567', 'PÚBLICO', '11');
INSERT INTO Escola(idEscola, nome, codDGAE, codDGEEC, tipo, idConcelho) VALUES ('241', 'Escola de Música do Conservatório Nacional, Lisboa', '404240', '1106389', 'PÚBLICO', '6');
INSERT INTO Escola(idEscola, nome, codDGAE, codDGEEC, tipo, idConcelho) VALUES ('242', 'Escola Artística de Dança do Conservatório Nacional, Lisboa', '404238', '1106458', 'PÚBLICO', '6');
INSERT INTO Escola(idEscola, nome, codDGAE, codDGEEC, tipo, idConcelho) VALUES ('243', 'Escola Secundária D. Afonso Henriques, Aves, Santo Tirso', '404597', '1314010', 'PÚBLICO', '14');
INSERT INTO Escola(idEscola, nome, codDGAE, codDGEEC, tipo, idConcelho) VALUES ('244', 'Escola Secundária de José Belchior Viegas', '400440', '812375', 'PÚBLICO', '12');
INSERT INTO Escola(idEscola, nome, codDGAE, codDGEEC, tipo, idConcelho) VALUES ('245', 'Escola Secundária de Póvoa de Lanhoso', '402588', '309167', 'PÚBLICO', '9');
INSERT INTO Escola(idEscola, nome, codDGAE, codDGEEC, tipo, idConcelho) VALUES ('246', 'Escola Secundária de Aljustrel', '404603', '201427', 'PÚBLICO', '1');
INSERT INTO Escola(idEscola, nome, codDGAE, codDGEEC, tipo, idConcelho) VALUES ('247', 'Escola Secundária de Pinheiro e Rosa', '402515', '805036', 'PÚBLICO', '5');
INSERT INTO Escola(idEscola, nome, codDGAE, codDGEEC, tipo, idConcelho) VALUES ('248', 'Escola Secundária de Resende', '401262', '1813701', 'PÚBLICO', '13');
INSERT INTO Escola(idEscola, nome, codDGAE, codDGEEC, tipo, idConcelho) VALUES ('249', 'Escola Secundária Marques de Castilho, Águeda', '402151', '101615', 'PÚBLICO', '1');
INSERT INTO Escola(idEscola, nome, codDGAE, codDGEEC, tipo, idConcelho) VALUES ('250', 'Escola Secundária de Albergaria-a-Velha', '402990', '102604', 'PÚBLICO', '2');
INSERT INTO Escola(idEscola, nome, codDGAE, codDGEEC, tipo, idConcelho) VALUES ('251', 'Escola Básica e Secundária de Anadia', '400841', '103434', 'PÚBLICO', '3');
INSERT INTO Escola(idEscola, nome, codDGAE, codDGEEC, tipo, idConcelho) VALUES ('252', 'Escola Secundária de Arouca', '403910', '104548', 'PÚBLICO', '4');
INSERT INTO Escola(idEscola, nome, codDGAE, codDGEEC, tipo, idConcelho) VALUES ('253', 'Escola Secundária Homem Cristo, Aveiro', '400245', '105758', 'PÚBLICO', '5');
INSERT INTO Escola(idEscola, nome, codDGAE, codDGEEC, tipo, idConcelho) VALUES ('254', 'Escola Básica e Secundária de Castelo de Paiva', '340558', '106146', 'PÚBLICO', '6');
INSERT INTO Escola(idEscola, nome, codDGAE, codDGEEC, tipo, idConcelho) VALUES ('255', 'Escola Secundária de Estarreja', '401651', '108163', 'PÚBLICO', '8');
INSERT INTO Escola(idEscola, nome, codDGAE, codDGEEC, tipo, idConcelho) VALUES ('256', 'Escola Secundária Dr. João Carlos Celestino Gomes, Ílhavo', '401500', '110638', 'PÚBLICO', '10');
INSERT INTO Escola(idEscola, nome, codDGAE, codDGEEC, tipo, idConcelho) VALUES ('257', 'Escola Secundária da Mealhada', '403908', '111920', 'PÚBLICO', '11');
INSERT INTO Escola(idEscola, nome, codDGAE, codDGEEC, tipo, idConcelho) VALUES ('258', 'Escola Secundária de Oliveira do Bairro', '400490', '114598', 'PÚBLICO', '14');
INSERT INTO Escola(idEscola, nome, codDGAE, codDGEEC, tipo, idConcelho) VALUES ('259', 'Escola Básica e Secundária de Sever do Vouga', '403015', '117431', 'PÚBLICO', '17');
INSERT INTO Escola(idEscola, nome, codDGAE, codDGEEC, tipo, idConcelho) VALUES ('260', 'Escola Secundária de Vagos', '403880', '118971', 'PÚBLICO', '18');
INSERT INTO Escola(idEscola, nome, codDGAE, codDGEEC, tipo, idConcelho) VALUES ('261', 'Escola Básica e Secundária de Búzio, Vale de Cambra', '343328', '119684', 'PÚBLICO', '19');
INSERT INTO Escola(idEscola, nome, codDGAE, codDGEEC, tipo, idConcelho) VALUES ('262', 'Escola Básica e Secundária de Santa Maria da Feira', '402813', '109630', 'PÚBLICO', '9');
INSERT INTO Escola(idEscola, nome, codDGAE, codDGEEC, tipo, idConcelho) VALUES ('263', 'Escola Secundária de Moura', '402308', '210956', 'PÚBLICO', '10');
INSERT INTO Escola(idEscola, nome, codDGAE, codDGEEC, tipo, idConcelho) VALUES ('264', 'Escola Secundária de Fafe', '403775', '307427', 'PÚBLICO', '7');
INSERT INTO Escola(idEscola, nome, codDGAE, codDGEEC, tipo, idConcelho) VALUES ('265', 'Escola Básica e Secundária Santos Simões, Guimarães', '346834', '308553', 'PÚBLICO', '8');
INSERT INTO Escola(idEscola, nome, codDGAE, codDGEEC, tipo, idConcelho) VALUES ('266', 'Escola Básica e Secundária de Macedo de Cavaleiros', '345398', '405195', 'PÚBLICO', '5');
INSERT INTO Escola(idEscola, nome, codDGAE, codDGEEC, tipo, idConcelho) VALUES ('267', 'Escola Básica e Secundária de Miranda do Douro', '403738', '406691', 'PÚBLICO', '6');
INSERT INTO Escola(idEscola, nome, codDGAE, codDGEEC, tipo, idConcelho) VALUES ('268', 'Escola Secundária de Mirandela', '403702', '407754', 'PÚBLICO', '7');
INSERT INTO Escola(idEscola, nome, codDGAE, codDGEEC, tipo, idConcelho) VALUES ('269', 'Escola Básica e Secundária do Mogadouro', '403684', '408677', 'PÚBLICO', '8');
INSERT INTO Escola(idEscola, nome, codDGAE, codDGEEC, tipo, idConcelho) VALUES ('270', 'Escola Básica e Secundária Dr. Ramiro Salgado, Torre de Moncorvo', '343420', '409629', 'PÚBLICO', '9');
INSERT INTO Escola(idEscola, nome, codDGAE, codDGEEC, tipo, idConcelho) VALUES ('271', 'Escola Secundária do Fundão', '403659', '504074', 'PÚBLICO', '4');
INSERT INTO Escola(idEscola, nome, codDGAE, codDGEEC, tipo, idConcelho) VALUES ('272', 'Escola Secundária Cacilhas - Tejo', '401602', '1503755', 'PÚBLICO', '3');
INSERT INTO Escola(idEscola, nome, codDGAE, codDGEEC, tipo, idConcelho) VALUES ('273', 'Escola Secundária Stuart Carvalhais', '402825', '1111505', 'PÚBLICO', '11');
INSERT INTO Escola(idEscola, nome, codDGAE, codDGEEC, tipo, idConcelho) VALUES ('274', 'Escola Secundária de Arganil', '403854', '601774', 'PÚBLICO', '1');
INSERT INTO Escola(idEscola, nome, codDGAE, codDGEEC, tipo, idConcelho) VALUES ('275', 'Escola Secundária Lima de Faria, Cantanhede', '400660', '602804', 'PÚBLICO', '2');
INSERT INTO Escola(idEscola, nome, codDGAE, codDGEEC, tipo, idConcelho) VALUES ('276', 'Escola Secundária da Lousã', '403842', '607473', 'PÚBLICO', '7');
INSERT INTO Escola(idEscola, nome, codDGAE, codDGEEC, tipo, idConcelho) VALUES ('277', 'Escola Secundária Dr.ª Maria Cândida', '403830', '608447', 'PÚBLICO', '8');
INSERT INTO Escola(idEscola, nome, codDGAE, codDGEEC, tipo, idConcelho) VALUES ('278', 'Escola Secundária de Montemor-o-Velho', '400520', '610991', 'PÚBLICO', '10');
INSERT INTO Escola(idEscola, nome, codDGAE, codDGEEC, tipo, idConcelho) VALUES ('279', 'Escola Secundária de Oliveira do Hospital', '403829', '611221', 'PÚBLICO', '11');
INSERT INTO Escola(idEscola, nome, codDGAE, codDGEEC, tipo, idConcelho) VALUES ('280', 'Escola Básica e Secundária de Penacova', '403817', '613159', 'PÚBLICO', '13');
INSERT INTO Escola(idEscola, nome, codDGAE, codDGEEC, tipo, idConcelho) VALUES ('281', 'Escola Básica e Secundária Martinho Árias, Soure', '400350', '615304', 'PÚBLICO', '15');
INSERT INTO Escola(idEscola, nome, codDGAE, codDGEEC, tipo, idConcelho) VALUES ('282', 'Escola Secundária de Tábua', '403647', '616943', 'PÚBLICO', '16');
INSERT INTO Escola(idEscola, nome, codDGAE, codDGEEC, tipo, idConcelho) VALUES ('283', 'Escola Secundária Rainha Santa Isabel, Estremoz', '402643', '704665', 'PÚBLICO', '4');
INSERT INTO Escola(idEscola, nome, codDGAE, codDGEEC, tipo, idConcelho) VALUES ('284', 'Escola Secundária de Severim de Faria', '402795', '705209', 'PÚBLICO', '5');
INSERT INTO Escola(idEscola, nome, codDGAE, codDGEEC, tipo, idConcelho) VALUES ('285', 'Escola Secundária de Montemor-o-Novo', '402280', '706601', 'PÚBLICO', '6');
INSERT INTO Escola(idEscola, nome, codDGAE, codDGEEC, tipo, idConcelho) VALUES ('286', 'Escola Secundária Matias Aires, Mira-Sintra', '402199', '1111487', 'PÚBLICO', '11');
INSERT INTO Escola(idEscola, nome, codDGAE, codDGEEC, tipo, idConcelho) VALUES ('287', 'Escola Secundária Conde de Monsaraz', '403635', '711267', 'PÚBLICO', '11');
INSERT INTO Escola(idEscola, nome, codDGAE, codDGEEC, tipo, idConcelho) VALUES ('288', 'Escola Secundária de Vendas Novas', '404639', '712292', 'PÚBLICO', '12');
INSERT INTO Escola(idEscola, nome, codDGAE, codDGEEC, tipo, idConcelho) VALUES ('289', 'Escola Secundária Públia Hortênsia de Castro, Vila Viçosa', '401900', '714317', 'PÚBLICO', '14');
INSERT INTO Escola(idEscola, nome, codDGAE, codDGEEC, tipo, idConcelho) VALUES ('290', 'Escola Secundária Gil Eanes, Lagos', '400233', '807773', 'PÚBLICO', '7');
INSERT INTO Escola(idEscola, nome, codDGAE, codDGEEC, tipo, idConcelho) VALUES ('291', 'Escola Secundária de Loulé', '400324', '808958', 'PÚBLICO', '8');
INSERT INTO Escola(idEscola, nome, codDGAE, codDGEEC, tipo, idConcelho) VALUES ('292', 'Escola Secundária Dr. Francisco Fernandes Lopes', '400178', '810178', 'PÚBLICO', '10');
INSERT INTO Escola(idEscola, nome, codDGAE, codDGEEC, tipo, idConcelho) VALUES ('293', 'Escola Secundária de Silves', '400531', '813714', 'PÚBLICO', '13');
INSERT INTO Escola(idEscola, nome, codDGAE, codDGEEC, tipo, idConcelho) VALUES ('294', 'Escola Secundária Dr. Jorge Augusto Correia', '400464', '814400', 'PÚBLICO', '14');
INSERT INTO Escola(idEscola, nome, codDGAE, codDGEEC, tipo, idConcelho) VALUES ('295', 'Escola Secundária de Vila Real de Santo António', '403726', '816980', 'PÚBLICO', '16');
INSERT INTO Escola(idEscola, nome, codDGAE, codDGEEC, tipo, idConcelho) VALUES ('296', 'Escola Secundária Camilo Castelo Branco, Carnaxide', '401067', '1110531', 'PÚBLICO', '10');
INSERT INTO Escola(idEscola, nome, codDGAE, codDGEEC, tipo, idConcelho) VALUES ('297', 'Escola Secundária de Figueira de Castelo Rodrigo', '403714', '904816', 'PÚBLICO', '4');
INSERT INTO Escola(idEscola, nome, codDGAE, codDGEEC, tipo, idConcelho) VALUES ('298', 'Escola Secundária de Gouveia', '401870', '906690', 'PÚBLICO', '6');
INSERT INTO Escola(idEscola, nome, codDGAE, codDGEEC, tipo, idConcelho) VALUES ('299', 'Escola Secundária de Pinhel', '403623', '910270', 'PÚBLICO', '10');
INSERT INTO Escola(idEscola, nome, codDGAE, codDGEEC, tipo, idConcelho) VALUES ('300', 'Escola Secundária de Seia', '400543', '912034', 'PÚBLICO', '12');
INSERT INTO Escola(idEscola, nome, codDGAE, codDGEEC, tipo, idConcelho) VALUES ('301', 'Escola Secundária Gonçalo Anes Bandarra, Trancoso', '402928', '913034', 'PÚBLICO', '13');
INSERT INTO Escola(idEscola, nome, codDGAE, codDGEEC, tipo, idConcelho) VALUES ('302', 'Escola Básica e Secundária Tenente Coronel Adão Carrapatoso', '402904', '914907', 'PÚBLICO', '14');
INSERT INTO Escola(idEscola, nome, codDGAE, codDGEEC, tipo, idConcelho) VALUES ('303', 'Escola Secundária de Miguel Torga, Massamá', '402229', '1111734', 'PÚBLICO', '11');
INSERT INTO Escola(idEscola, nome, codDGAE, codDGEEC, tipo, idConcelho) VALUES ('304', 'Escola Secundária D. Inês de Castro, Alcobaça', '401286', '1001415', 'PÚBLICO', '1');
INSERT INTO Escola(idEscola, nome, codDGAE, codDGEEC, tipo, idConcelho) VALUES ('305', 'Escola Secundária de Raúl Proença', '402667', '1006002', 'PÚBLICO', '6');
INSERT INTO Escola(idEscola, nome, codDGAE, codDGEEC, tipo, idConcelho) VALUES ('306', 'Escola Secundária Eng. Acácio Calazans Duarte', '400180', '1010623', 'PÚBLICO', '10');
INSERT INTO Escola(idEscola, nome, codDGAE, codDGEEC, tipo, idConcelho) VALUES ('307', 'Escola Básica e Secundária de Mira de Aire, Porto de Mós', '403570', '1016975', 'PÚBLICO', '16');
INSERT INTO Escola(idEscola, nome, codDGAE, codDGEEC, tipo, idConcelho) VALUES ('308', 'Escola Básica e Secundária Frei Gonçalo de Azevedo', '401810', '1105860', 'PÚBLICO', '5');
INSERT INTO Escola(idEscola, nome, codDGAE, codDGEEC, tipo, idConcelho) VALUES ('309', 'Escola Secundária de Pombal', '400634', '1015619', 'PÚBLICO', '15');
INSERT INTO Escola(idEscola, nome, codDGAE, codDGEEC, tipo, idConcelho) VALUES ('310', 'Escola Secundária de Porto de Mós', '402552', '1016010', 'PÚBLICO', '16');
INSERT INTO Escola(idEscola, nome, codDGAE, codDGEEC, tipo, idConcelho) VALUES ('311', 'Escola Secundária José Loureiro Botas, Vieira de Leiria', '401985', '1010147', 'PÚBLICO', '10');
INSERT INTO Escola(idEscola, nome, codDGAE, codDGEEC, tipo, idConcelho) VALUES ('312', 'Escola Secundária Damião de Goes, Alenquer', '400130', '1101092', 'PÚBLICO', '1');
INSERT INTO Escola(idEscola, nome, codDGAE, codDGEEC, tipo, idConcelho) VALUES ('313', 'Escola Secundária da Azambuja', '403568', '1103901', 'PÚBLICO', '3');
INSERT INTO Escola(idEscola, nome, codDGAE, codDGEEC, tipo, idConcelho) VALUES ('314', 'Escola Básica e Secundária de Carcavelos', '403556', '1105612', 'PÚBLICO', '5');
INSERT INTO Escola(idEscola, nome, codDGAE, codDGEEC, tipo, idConcelho) VALUES ('315', 'Escola Secundária de Cascais', '400555', '1105592', 'PÚBLICO', '5');
INSERT INTO Escola(idEscola, nome, codDGAE, codDGEEC, tipo, idConcelho) VALUES ('316', 'Escola Básica e Secundária Fernão do Pó', '403593', '1005666', 'PÚBLICO', '5');
INSERT INTO Escola(idEscola, nome, codDGAE, codDGEEC, tipo, idConcelho) VALUES ('317', 'Escola Secundária Eça de Queirós, Lisboa', '401663', '1106740', 'PÚBLICO', '6');
INSERT INTO Escola(idEscola, nome, codDGAE, codDGEEC, tipo, idConcelho) VALUES ('318', 'Escola Secundária de José Afonso, Loures', '400610', '1107438', 'PÚBLICO', '7');
INSERT INTO Escola(idEscola, nome, codDGAE, codDGEEC, tipo, idConcelho) VALUES ('319', 'Escola Secundária Dr. João Manuel da Costa Delgado, Lourinhã', '400592', '1108785', 'PÚBLICO', '8');
INSERT INTO Escola(idEscola, nome, codDGAE, codDGEEC, tipo, idConcelho) VALUES ('320', 'Escola Secundária de Sacavém', '403519', '1107568', 'PÚBLICO', '7');
INSERT INTO Escola(idEscola, nome, codDGAE, codDGEEC, tipo, idConcelho) VALUES ('321', 'Escola Básica e Secundária Prof. Reynaldo dos Santos', '400403', '1114483', 'PÚBLICO', '14');
INSERT INTO Escola(idEscola, nome, codDGAE, codDGEEC, tipo, idConcelho) VALUES ('322', 'Escola Secundária Manuel Cargaleiro', '402114', '1510882', 'PÚBLICO', '10');
INSERT INTO Escola(idEscola, nome, codDGAE, codDGEEC, tipo, idConcelho) VALUES ('323', 'Escola Secundária de Campo Maior', '401080', '1204743', 'PÚBLICO', '4');
INSERT INTO Escola(idEscola, nome, codDGAE, codDGEEC, tipo, idConcelho) VALUES ('324', 'Escola Secundária D. Sancho II, Elvas', '400129', '1207924', 'PÚBLICO', '7');
INSERT INTO Escola(idEscola, nome, codDGAE, codDGEEC, tipo, idConcelho) VALUES ('325', 'Escola Secundária de Ponte de Sor', '403441', '1213791', 'PÚBLICO', '13');
INSERT INTO Escola(idEscola, nome, codDGAE, codDGEEC, tipo, idConcelho) VALUES ('326', 'Escola Básica e Secundária Ibn Mucana', '401912', '1105403', 'PÚBLICO', '5');
INSERT INTO Escola(idEscola, nome, codDGAE, codDGEEC, tipo, idConcelho) VALUES ('327', 'Escola Secundária de Amarante', '400828', '1301064', 'PÚBLICO', '1');
INSERT INTO Escola(idEscola, nome, codDGAE, codDGEEC, tipo, idConcelho) VALUES ('328', 'Escola Secundária Daniel Faria, Baltar, Paredes', '403465', '1310527', 'PÚBLICO', '10');
INSERT INTO Escola(idEscola, nome, codDGAE, codDGEEC, tipo, idConcelho) VALUES ('329', 'Escola Secundária de Carvalhos, Vila Nova de Gaia', '401158', '1317570', 'PÚBLICO', '17');
INSERT INTO Escola(idEscola, nome, codDGAE, codDGEEC, tipo, idConcelho) VALUES ('330', 'Escola Básica e Secundária de Ermesinde, Valongo', '403362', '1315042', 'PÚBLICO', '15');
INSERT INTO Escola(idEscola, nome, codDGAE, codDGEEC, tipo, idConcelho) VALUES ('331', 'Escola Secundária de Felgueiras', '401687', '1303127', 'PÚBLICO', '3');
INSERT INTO Escola(idEscola, nome, codDGAE, codDGEEC, tipo, idConcelho) VALUES ('332', 'Escola Secundária da Maia', '403386', '1306608', 'PÚBLICO', '6');
INSERT INTO Escola(idEscola, nome, codDGAE, codDGEEC, tipo, idConcelho) VALUES ('333', 'Escola Secundária de Marco de Canaveses', '402138', '1307248', 'PÚBLICO', '7');
INSERT INTO Escola(idEscola, nome, codDGAE, codDGEEC, tipo, idConcelho) VALUES ('334', 'Escola Secundária Gaia Nascente, Vila Nova de Gaia', '403349', '1317380', 'PÚBLICO', '17');
INSERT INTO Escola(idEscola, nome, codDGAE, codDGEEC, tipo, idConcelho) VALUES ('335', 'Escola Secundária de Paços de Ferreira', '403374', '1309528', 'PÚBLICO', '9');
INSERT INTO Escola(idEscola, nome, codDGAE, codDGEEC, tipo, idConcelho) VALUES ('336', 'Escola Secundária de Paredes', '402424', '1310582', 'PÚBLICO', '10');
INSERT INTO Escola(idEscola, nome, codDGAE, codDGEEC, tipo, idConcelho) VALUES ('337', 'Escola Secundária de Valongo', '403350', '1315134', 'PÚBLICO', '15');
INSERT INTO Escola(idEscola, nome, codDGAE, codDGEEC, tipo, idConcelho) VALUES ('338', 'Escola Secundária José Régio, Vila do Conde', '401997', '1316007', 'PÚBLICO', '16');
INSERT INTO Escola(idEscola, nome, codDGAE, codDGEEC, tipo, idConcelho) VALUES ('339', 'Escola Secundária de Alcanena', '403313', '1402627', 'PÚBLICO', '2');
INSERT INTO Escola(idEscola, nome, codDGAE, codDGEEC, tipo, idConcelho) VALUES ('340', 'Escola Básica e Secundária Lima de Freitas', '402989', '1512060', 'PÚBLICO', '12');
INSERT INTO Escola(idEscola, nome, codDGAE, codDGEEC, tipo, idConcelho) VALUES ('341', 'Escola Secundária de Benavente', '400579', '1405456', 'PÚBLICO', '5');
INSERT INTO Escola(idEscola, nome, codDGAE, codDGEEC, tipo, idConcelho) VALUES ('342', 'Escola Secundária de Coruche', '403295', '1409050', 'PÚBLICO', '9');
INSERT INTO Escola(idEscola, nome, codDGAE, codDGEEC, tipo, idConcelho) VALUES ('343', 'Escola Secundária do Entroncamento', '401640', '1410447', 'PÚBLICO', '10');
INSERT INTO Escola(idEscola, nome, codDGAE, codDGEEC, tipo, idConcelho) VALUES ('344', 'Escola Básica e Secundária de Mação', '310372', '1413450', 'PÚBLICO', '13');
INSERT INTO Escola(idEscola, nome, codDGAE, codDGEEC, tipo, idConcelho) VALUES ('345', 'Escola Secundária Dr. Augusto César S. Ferreira', '401419', '1414071', 'PÚBLICO', '14');
INSERT INTO Escola(idEscola, nome, codDGAE, codDGEEC, tipo, idConcelho) VALUES ('346', 'Escola Secundária Maria Lamas', '402140', '1419797', 'PÚBLICO', '19');
INSERT INTO Escola(idEscola, nome, codDGAE, codDGEEC, tipo, idConcelho) VALUES ('347', 'Escola Secundária Alfredo dos Reis Silveira', '400786', '1510332', 'PÚBLICO', '10');
INSERT INTO Escola(idEscola, nome, codDGAE, codDGEEC, tipo, idConcelho) VALUES ('348', 'Escola Básica e Secundária de Ourém', '402357', '1421400', 'PÚBLICO', '21');
INSERT INTO Escola(idEscola, nome, codDGAE, codDGEEC, tipo, idConcelho) VALUES ('349', 'Escola Secundária de Alcácer do Sal', '400749', '1501557', 'PÚBLICO', '1');
INSERT INTO Escola(idEscola, nome, codDGAE, codDGEEC, tipo, idConcelho) VALUES ('350', 'Escola Secundária da Amora', '403209', '1510603', 'PÚBLICO', '10');
INSERT INTO Escola(idEscola, nome, codDGAE, codDGEEC, tipo, idConcelho) VALUES ('351', 'Escola Secundária António Inácio da Cruz', '400890', '1505447', 'PÚBLICO', '5');
INSERT INTO Escola(idEscola, nome, codDGAE, codDGEEC, tipo, idConcelho) VALUES ('352', 'Escola Básica e Secundária Prof. Ruy Luís Gomes', '403258', '1503888', 'PÚBLICO', '3');
INSERT INTO Escola(idEscola, nome, codDGAE, codDGEEC, tipo, idConcelho) VALUES ('353', 'Escola Secundária da Moita', '400646', '1506585', 'PÚBLICO', '6');
INSERT INTO Escola(idEscola, nome, codDGAE, codDGEEC, tipo, idConcelho) VALUES ('354', 'Escola Secundária Jorge Peixinho', '401948', '1507032', 'PÚBLICO', '7');
INSERT INTO Escola(idEscola, nome, codDGAE, codDGEEC, tipo, idConcelho) VALUES ('355', 'Escola Secundária de Palmela', '403210', '1508789', 'PÚBLICO', '8');
INSERT INTO Escola(idEscola, nome, codDGAE, codDGEEC, tipo, idConcelho) VALUES ('356', 'Escola Secundária Manuel da Fonseca', '402126', '1509172', 'PÚBLICO', '9');
INSERT INTO Escola(idEscola, nome, codDGAE, codDGEEC, tipo, idConcelho) VALUES ('357', 'Escola Básica e Secundária de Valdevez, Arcos de Valdevez', '340315', '1601521', 'PÚBLICO', '1');
INSERT INTO Escola(idEscola, nome, codDGAE, codDGEEC, tipo, idConcelho) VALUES ('358', 'Escola Secundária de Monção', '403180', '1604079', 'PÚBLICO', '4');
INSERT INTO Escola(idEscola, nome, codDGAE, codDGEEC, tipo, idConcelho) VALUES ('359', 'Escola Secundária de Ponte da Barca', '403167', '1606743', 'PÚBLICO', '6');
INSERT INTO Escola(idEscola, nome, codDGAE, codDGEEC, tipo, idConcelho) VALUES ('360', 'Escola Básica e Secundária Francisco Simões', '401808', '1503581', 'PÚBLICO', '3');
INSERT INTO Escola(idEscola, nome, codDGAE, codDGEEC, tipo, idConcelho) VALUES ('361', 'Escola Básica e Secundária D. Sancho II, Alijó', '340959', '1701770', 'PÚBLICO', '1');
INSERT INTO Escola(idEscola, nome, codDGAE, codDGEEC, tipo, idConcelho) VALUES ('362', 'Escola Secundária Dr. João de Araújo Correia, Peso da Régua', '401511', '1708193', 'PÚBLICO', '8');
INSERT INTO Escola(idEscola, nome, codDGAE, codDGEEC, tipo, idConcelho) VALUES ('363', 'Escola Secundária da Quinta do Marquês', '402606', '1110885', 'PÚBLICO', '10');
INSERT INTO Escola(idEscola, nome, codDGAE, codDGEEC, tipo, idConcelho) VALUES ('364', 'Escola Secundária Arco-Irís', '402540', '1107993', 'PÚBLICO', '7');
INSERT INTO Escola(idEscola, nome, codDGAE, codDGEEC, tipo, idConcelho) VALUES ('365', 'Escola Secundária de Castro Daire', '403118', '1803914', 'PÚBLICO', '3');
INSERT INTO Escola(idEscola, nome, codDGAE, codDGEEC, tipo, idConcelho) VALUES ('366', 'Escola Secundária Dra. Felismina Alcântara, Mangualde', '401584', '1806682', 'PÚBLICO', '6');
INSERT INTO Escola(idEscola, nome, codDGAE, codDGEEC, tipo, idConcelho) VALUES ('367', 'Escola Básica e Secundária de Moimenta da Beira', '310402', '1807935', 'PÚBLICO', '7');
INSERT INTO Escola(idEscola, nome, codDGAE, codDGEEC, tipo, idConcelho) VALUES ('368', 'Escola Secundária de Nelas', '403090', '1809969', 'PÚBLICO', '9');
INSERT INTO Escola(idEscola, nome, codDGAE, codDGEEC, tipo, idConcelho) VALUES ('369', 'Escola Secundária de São Pedro do Sul', '403076', '1816369', 'PÚBLICO', '16');
INSERT INTO Escola(idEscola, nome, codDGAE, codDGEEC, tipo, idConcelho) VALUES ('370', 'Escola Secundária de Santa Comba Dão', '403088', '1814142', 'PÚBLICO', '14');
INSERT INTO Escola(idEscola, nome, codDGAE, codDGEEC, tipo, idConcelho) VALUES ('371', 'Escola Secundária Arquitecto Oliveira Ferreira, Vila Nova de Gaia', '403337', '1317975', 'PÚBLICO', '17');
INSERT INTO Escola(idEscola, nome, codDGAE, codDGEEC, tipo, idConcelho) VALUES ('372', 'Escola Secundária de Tondela', '403052', '1821927', 'PÚBLICO', '21');
INSERT INTO Escola(idEscola, nome, codDGAE, codDGEEC, tipo, idConcelho) VALUES ('373', 'Escola Secundária de Vila Nova de Paiva', '403040', '1822366', 'PÚBLICO', '22');
INSERT INTO Escola(idEscola, nome, codDGAE, codDGEEC, tipo, idConcelho) VALUES ('374', 'Escola Secundária de Vouzela', '403027', '1824324', 'PÚBLICO', '24');
INSERT INTO Escola(idEscola, nome, codDGAE, codDGEEC, tipo, idConcelho) VALUES ('375', 'Escola Secundária da Baixa da Banheira', '403234', '1506137', 'PÚBLICO', '6');
INSERT INTO Escola(idEscola, nome, codDGAE, codDGEEC, tipo, idConcelho) VALUES ('376', 'Escola Secundária Santo André, Barreiro', '400567', '1504501', 'PÚBLICO', '4');
INSERT INTO Escola(idEscola, nome, codDGAE, codDGEEC, tipo, idConcelho) VALUES ('377', 'Escola Secundária de Odivelas', '400609', '1107082', 'PÚBLICO', '16');
INSERT INTO Escola(idEscola, nome, codDGAE, codDGEEC, tipo, idConcelho) VALUES ('378', 'Escola Secundária Professor José Augusto Lucas', '403489', '1110238', 'PÚBLICO', '10');
INSERT INTO Escola(idEscola, nome, codDGAE, codDGEEC, tipo, idConcelho) VALUES ('379', 'Escola Básica e Secundária Dr. Azevedo Neves', '401420', '1115606', 'PÚBLICO', '15');
INSERT INTO Escola(idEscola, nome, codDGAE, codDGEEC, tipo, idConcelho) VALUES ('380', 'Escola Secundária Dr. Joaquim Gomes Ferreira Alves, Vila Nova de Gaia', '401468', '1317381', 'PÚBLICO', '17');
INSERT INTO Escola(idEscola, nome, codDGAE, codDGEEC, tipo, idConcelho) VALUES ('381', 'Escola Secundária da Drª Laura Ayres, Quarteira', '401596', '808509', 'PÚBLICO', '8');
INSERT INTO Escola(idEscola, nome, codDGAE, codDGEEC, tipo, idConcelho) VALUES ('382', 'Escola Secundária de Penafiel', '402473', '1311034', 'PÚBLICO', '11');
INSERT INTO Escola(idEscola, nome, codDGAE, codDGEEC, tipo, idConcelho) VALUES ('383', 'Escola Secundária Fernando Namora, Amadora', '401705', '1115431', 'PÚBLICO', '15');
INSERT INTO Escola(idEscola, nome, codDGAE, codDGEEC, tipo, idConcelho) VALUES ('384', 'Escola Básica e Secundária de Padrão da Légua, Matosinhos', '402412', '1308261', 'PÚBLICO', '8');
INSERT INTO Escola(idEscola, nome, codDGAE, codDGEEC, tipo, idConcelho) VALUES ('385', 'Escola Secundária D. João II', '401316', '1512456', 'PÚBLICO', '12');
INSERT INTO Escola(idEscola, nome, codDGAE, codDGEEC, tipo, idConcelho) VALUES ('386', 'Escola Secundária de Sampaio', '402722', '1511484', 'PÚBLICO', '11');
INSERT INTO Escola(idEscola, nome, codDGAE, codDGEEC, tipo, idConcelho) VALUES ('387', 'Escola Secundária de José Gomes Ferreira', '401973', '1106667', 'PÚBLICO', '6');
INSERT INTO Escola(idEscola, nome, codDGAE, codDGEEC, tipo, idConcelho) VALUES ('388', 'Escola Secundária Diogo de Macedo, Olival, Vila Nova de Gaia', '401389', '1317341', 'PÚBLICO', '17');
INSERT INTO Escola(idEscola, nome, codDGAE, codDGEEC, tipo, idConcelho) VALUES ('389', 'Escola Secundária Dr. Manuel Candeias Gonçalves, Odemira', '400373', '211349', 'PÚBLICO', '11');
INSERT INTO Escola(idEscola, nome, codDGAE, codDGEEC, tipo, idConcelho) VALUES ('390', 'Escola Básica e Secundária de Carrazeda de Ansiães', '346172', '403561', 'PÚBLICO', '3');
INSERT INTO Escola(idEscola, nome, codDGAE, codDGEEC, tipo, idConcelho) VALUES ('391', 'Escola Secundária do Castêlo da Maia, Maia', '401171', '1306017', 'PÚBLICO', '6');
INSERT INTO Escola(idEscola, nome, codDGAE, codDGEEC, tipo, idConcelho) VALUES ('392', 'Escola Secundária Inês de Castro, Canidelo, Vila Nova de Gaia', '401936', '1317837', 'PÚBLICO', '17');
INSERT INTO Escola(idEscola, nome, codDGAE, codDGEEC, tipo, idConcelho) VALUES ('393', 'Escola Básica e Secundária da Cidadela', '401201', '1105672', 'PÚBLICO', '5');
INSERT INTO Escola(idEscola, nome, codDGAE, codDGEEC, tipo, idConcelho) VALUES ('394', 'Escola Básica e Secundária de Rio Tinto, Gondomar', '403416', '1304553', 'PÚBLICO', '4');
INSERT INTO Escola(idEscola, nome, codDGAE, codDGEEC, tipo, idConcelho) VALUES ('395', 'Escola Secundária de Valpaços', '403131', '1712744', 'PÚBLICO', '12');
INSERT INTO Escola(idEscola, nome, codDGAE, codDGEEC, tipo, idConcelho) VALUES ('396', 'Escola Básica e Secundária Dr. Jaime Magalhães Lima, Esgueira, Aveiro', '401456', '105411', 'PÚBLICO', '5');
INSERT INTO Escola(idEscola, nome, codDGAE, codDGEEC, tipo, idConcelho) VALUES ('397', 'Escola Básica e Secundária Oliveira Júnior, São João da Madeira', '402850', '116374', 'PÚBLICO', '16');
INSERT INTO Escola(idEscola, nome, codDGAE, codDGEEC, tipo, idConcelho) VALUES ('398', 'Escola Secundária Padre Benjamim Salgado, Vila Nova de Famalicão', '402400', '312851', 'PÚBLICO', '12');
INSERT INTO Escola(idEscola, nome, codDGAE, codDGEEC, tipo, idConcelho) VALUES ('399', 'Escola Secundária de Esmoriz', '403891', '115986', 'PÚBLICO', '15');
INSERT INTO Escola(idEscola, nome, codDGAE, codDGEEC, tipo, idConcelho) VALUES ('400', 'Escola Secundária de Caldas de Vizela, Vizela', '401043', '308823', 'PÚBLICO', '14');
INSERT INTO Escola(idEscola, nome, codDGAE, codDGEEC, tipo, idConcelho) VALUES ('401', 'Escola Secundária de Carregal do Sal', '401146', '1802998', 'PÚBLICO', '2');
INSERT INTO Escola(idEscola, nome, codDGAE, codDGEEC, tipo, idConcelho) VALUES ('402', 'Escola Básica e Secundária de Canelas, Vila Nova de Gaia', '310323', '1317562', 'PÚBLICO', '17');
INSERT INTO Escola(idEscola, nome, codDGAE, codDGEEC, tipo, idConcelho) VALUES ('403', 'Escola Secundária da Ramada', '403507', '1107403', 'PÚBLICO', '16');
INSERT INTO Escola(idEscola, nome, codDGAE, codDGEEC, tipo, idConcelho) VALUES ('404', 'Escola Básica e Secundária do Cadaval', '402278', '1104039', 'PÚBLICO', '4');
INSERT INTO Escola(idEscola, nome, codDGAE, codDGEEC, tipo, idConcelho) VALUES ('405', 'Escola Básica e Secundária D. João V, Damaia', '401328', '1115984', 'PÚBLICO', '15');
INSERT INTO Escola(idEscola, nome, codDGAE, codDGEEC, tipo, idConcelho) VALUES ('406', 'Escola Secundária Seomara da Costa Primo', '402760', '1115353', 'PÚBLICO', '15');
INSERT INTO Escola(idEscola, nome, codDGAE, codDGEEC, tipo, idConcelho) VALUES ('407', 'Escola Secundária do Restelo', '402679', '1106497', 'PÚBLICO', '6');
INSERT INTO Escola(idEscola, nome, codDGAE, codDGEEC, tipo, idConcelho) VALUES ('408', 'Escola Secundária do Lumiar', '402084', '1106517', 'PÚBLICO', '6');
INSERT INTO Escola(idEscola, nome, codDGAE, codDGEEC, tipo, idConcelho) VALUES ('409', 'Escola Secundária Luís de Freitas Branco', '402072', '1110069', 'PÚBLICO', '10');
INSERT INTO Escola(idEscola, nome, codDGAE, codDGEEC, tipo, idConcelho) VALUES ('410', 'Escola Secundária Fernando Lopes Graça, Parede', '401699', '1105531', 'PÚBLICO', '5');
INSERT INTO Escola(idEscola, nome, codDGAE, codDGEEC, tipo, idConcelho) VALUES ('411', 'Escola Básica e Secundária do Cerco do Porto, Porto', '340571', '1312346', 'PÚBLICO', '12');
INSERT INTO Escola(idEscola, nome, codDGAE, codDGEEC, tipo, idConcelho) VALUES ('412', 'Escola Secundária do Cartaxo', '403301', '1406547', 'PÚBLICO', '6');
INSERT INTO Escola(idEscola, nome, codDGAE, codDGEEC, tipo, idConcelho) VALUES ('413', 'Escola Secundária de Romeu Correia, Feijó', '402710', '1503833', 'PÚBLICO', '3');
INSERT INTO Escola(idEscola, nome, codDGAE, codDGEEC, tipo, idConcelho) VALUES ('414', 'Escola Básica e Secundária Amélia Rey Colaço', '400038', '1110746', 'PÚBLICO', '10');
INSERT INTO Escola(idEscola, nome, codDGAE, codDGEEC, tipo, idConcelho) VALUES ('415', 'Escola Secundária D. Manuel Martins', '400105', '1512333', 'PÚBLICO', '12');
INSERT INTO Escola(idEscola, nome, codDGAE, codDGEEC, tipo, idConcelho) VALUES ('416', 'Escola Secundária Adolfo Portela, Águeda', '400695', '101928', 'PÚBLICO', '1');
INSERT INTO Escola(idEscola, nome, codDGAE, codDGEEC, tipo, idConcelho) VALUES ('417', 'Escola Secundária Henrique Medina, Esposende', '401882', '306499', 'PÚBLICO', '6');
INSERT INTO Escola(idEscola, nome, codDGAE, codDGEEC, tipo, idConcelho) VALUES ('418', 'Escola Secundária da Trofa', '402930', '1314466', 'PÚBLICO', '18');
INSERT INTO Escola(idEscola, nome, codDGAE, codDGEEC, tipo, idConcelho) VALUES ('419', 'Escola Secundária da Lixa, Felgueiras', '403430', '1303905', 'PÚBLICO', '3');
INSERT INTO Escola(idEscola, nome, codDGAE, codDGEEC, tipo, idConcelho) VALUES ('420', 'Escola Secundária do Monte da Caparica', '402266', '1503427', 'PÚBLICO', '3');
INSERT INTO Escola(idEscola, nome, codDGAE, codDGEEC, tipo, idConcelho) VALUES ('421', 'Escola Secundária Frei Rosa Viterbo, Sátão', '403064', '1817696', 'PÚBLICO', '17');
INSERT INTO Escola(idEscola, nome, codDGAE, codDGEEC, tipo, idConcelho) VALUES ('422', 'Escola Secundária Júlio Dantas', '400312', '807981', 'PÚBLICO', '7');
INSERT INTO Escola(idEscola, nome, codDGAE, codDGEEC, tipo, idConcelho) VALUES ('423', 'Escola Secundária Afonso Lopes Vieira', '400725', '1009655', 'PÚBLICO', '9');
INSERT INTO Escola(idEscola, nome, codDGAE, codDGEEC, tipo, idConcelho) VALUES ('424', 'Escola Secundária Dr. António Carvalho Figueiredo', '401390', '1107416', 'PÚBLICO', '7');
INSERT INTO Escola(idEscola, nome, codDGAE, codDGEEC, tipo, idConcelho) VALUES ('425', 'Escola Secundária de Mem Martins', '402217', '1111928', 'PÚBLICO', '11');
INSERT INTO Escola(idEscola, nome, codDGAE, codDGEEC, tipo, idConcelho) VALUES ('426', 'Escola Básica e Secundária Vieira de Araújo, Vieira do Minho', '343389', '311345', 'PÚBLICO', '11');
INSERT INTO Escola(idEscola, nome, codDGAE, codDGEEC, tipo, idConcelho) VALUES ('427', 'Escola Secundária António Gedeão', '400889', '1503523', 'PÚBLICO', '3');
INSERT INTO Escola(idEscola, nome, codDGAE, codDGEEC, tipo, idConcelho) VALUES ('428', 'Escola Secundária Padre António Macedo', '402370', '1509127', 'PÚBLICO', '9');
INSERT INTO Escola(idEscola, nome, codDGAE, codDGEEC, tipo, idConcelho) VALUES ('429', 'Escola Básica e Secundária José Gomes Ferreira, Ferreira do Alentejo', '345878', '208469', 'PÚBLICO', '8');
INSERT INTO Escola(idEscola, nome, codDGAE, codDGEEC, tipo, idConcelho) VALUES ('430', 'Escola Básica e Secundária de Vilela, Paredes', '403453', '1310955', 'PÚBLICO', '10');
INSERT INTO Escola(idEscola, nome, codDGAE, codDGEEC, tipo, idConcelho) VALUES ('431', 'Escola Básica e Secundária Dr. Hernâni Cidade', '345775', '710605', 'PÚBLICO', '10');
INSERT INTO Escola(idEscola, nome, codDGAE, codDGEEC, tipo, idConcelho) VALUES ('432', 'Escola Básica e Secundária de Mora', '346410', '707735', 'PÚBLICO', '7');
INSERT INTO Escola(idEscola, nome, codDGAE, codDGEEC, tipo, idConcelho) VALUES ('433', 'Escola Básica e Secundária Padre António de Andrade, Oleiros', '345970', '506188', 'PÚBLICO', '6');
INSERT INTO Escola(idEscola, nome, codDGAE, codDGEEC, tipo, idConcelho) VALUES ('434', 'Escola Básica e Secundária Luís de Camões, Constância', '342026', '1408875', 'PÚBLICO', '8');
INSERT INTO Escola(idEscola, nome, codDGAE, codDGEEC, tipo, idConcelho) VALUES ('435', 'Escola Secundária de Senhora da Hora, Matosinhos', '404380', '1308675', 'PÚBLICO', '8');
INSERT INTO Escola(idEscola, nome, codDGAE, codDGEEC, tipo, idConcelho) VALUES ('436', 'Escola Secundária de Alcochete', '403933', '1502959', 'PÚBLICO', '2');
INSERT INTO Escola(idEscola, nome, codDGAE, codDGEEC, tipo, idConcelho) VALUES ('437', 'Escola Secundária de Alfena, Valongo', '404421', '1315926', 'PÚBLICO', '15');
INSERT INTO Escola(idEscola, nome, codDGAE, codDGEEC, tipo, idConcelho) VALUES ('438', 'Escola Secundária Quinta das Palmeiras', '404676', '503865', 'PÚBLICO', '3');
INSERT INTO Escola(idEscola, nome, codDGAE, codDGEEC, tipo, idConcelho) VALUES ('439', 'Escola Secundária D. Afonso Sanches, Vila do Conde', '404410', '1316003', 'PÚBLICO', '16');
INSERT INTO Escola(idEscola, nome, codDGAE, codDGEEC, tipo, idConcelho) VALUES ('440', 'Escola Básica do Centro de Portugal', '330036', '510409', 'PÚBLICO', '10');
INSERT INTO Escola(idEscola, nome, codDGAE, codDGEEC, tipo, idConcelho) VALUES ('441', 'Escola Básica e Secundária de Ínfias, Vizela', '346822', '314182', 'PÚBLICO', '14');
INSERT INTO Escola(idEscola, nome, codDGAE, codDGEEC, tipo, idConcelho) VALUES ('442', 'Escola Secundária de Alpendurada, Marco de Canaveses', '404640', '1307150', 'PÚBLICO', '7');
INSERT INTO Escola(idEscola, nome, codDGAE, codDGEEC, tipo, idConcelho) VALUES ('443', 'Escola Básica e Secundária Pe. António Morais da Fonseca - Murtosa', '342439', '112573', 'PÚBLICO', '12');
INSERT INTO Escola(idEscola, nome, codDGAE, codDGEEC, tipo, idConcelho) VALUES ('444', 'Escola Secundária de Molelos', '404688', '1821220', 'PÚBLICO', '21');
INSERT INTO Escola(idEscola, nome, codDGAE, codDGEEC, tipo, idConcelho) VALUES ('445', 'Escola Básica e Secundária de Muralhas do Minho, Valença', '343810', '1608480', 'PÚBLICO', '8');
INSERT INTO Escola(idEscola, nome, codDGAE, codDGEEC, tipo, idConcelho) VALUES ('446', 'Escola Básica e Secundária de Vila Pouca de Aguiar - Sul', '343730', '1713703', 'PÚBLICO', '13');
INSERT INTO Escola(idEscola, nome, codDGAE, codDGEEC, tipo, idConcelho) VALUES ('447', 'Escola Básica e Secundária Josefa de Óbidos, Óbidos', '341800', '1012003', 'PÚBLICO', '12');
INSERT INTO Escola(idEscola, nome, codDGAE, codDGEEC, tipo, idConcelho) VALUES ('448', 'Escola Básica e Secundária de Albufeira', '346883', '801587', 'PÚBLICO', '1');
INSERT INTO Escola(idEscola, nome, codDGAE, codDGEEC, tipo, idConcelho) VALUES ('449', 'Escola Básica e Secundária de Lousada Oeste', '344280', '1305928', 'PÚBLICO', '5');
INSERT INTO Escola(idEscola, nome, codDGAE, codDGEEC, tipo, idConcelho) VALUES ('450', 'Escola Básica e Secundária de Vale do Tamel, Lijó, Barcelos', '343651', '302624', 'PÚBLICO', '2');
INSERT INTO Escola(idEscola, nome, codDGAE, codDGEEC, tipo, idConcelho) VALUES ('451', 'Escola Básica e Secundária de Vila Cova, Barcelos', '330164', '302471', 'PÚBLICO', '2');
INSERT INTO Escola(idEscola, nome, codDGAE, codDGEEC, tipo, idConcelho) VALUES ('452', 'Escola Básica e Secundária de Airães, Felgueiras', '346640', '1303819', 'PÚBLICO', '3');
INSERT INTO Escola(idEscola, nome, codDGAE, codDGEEC, tipo, idConcelho) VALUES ('453', 'Escola Básica e Secundária de Idães, Felgueiras', '344382', '1303635', 'PÚBLICO', '3');
INSERT INTO Escola(idEscola, nome, codDGAE, codDGEEC, tipo, idConcelho) VALUES ('454', 'Escola Básica e Secundária de Pinheiro, Penafiel', '344084', '1311212', 'PÚBLICO', '11');
INSERT INTO Escola(idEscola, nome, codDGAE, codDGEEC, tipo, idConcelho) VALUES ('455', 'Escola Básica e Secundária de Fajões, Oliveira de Azeméis', '343547', '113401', 'PÚBLICO', '13');
INSERT INTO Escola(idEscola, nome, codDGAE, codDGEEC, tipo, idConcelho) VALUES ('456', 'Escola Básica e Secundária de Lousada Norte', '344291', '1305904', 'PÚBLICO', '5');
INSERT INTO Escola(idEscola, nome, codDGAE, codDGEEC, tipo, idConcelho) VALUES ('457', 'Escola Básica e Secundária Dr. Mário Fonseca, Nogueira, Lousada', '346937', '1305004', 'PÚBLICO', '5');
INSERT INTO Escola(idEscola, nome, codDGAE, codDGEEC, tipo, idConcelho) VALUES ('458', 'Escola Básica e Secundária Dr. Machado de Matos, Felgueiras', '346925', '1303011', 'PÚBLICO', '3');
INSERT INTO Escola(idEscola, nome, codDGAE, codDGEEC, tipo, idConcelho) VALUES ('459', 'Escola Básica e Secundária do Levante da Maia, Nogueira da Maia, Maia', '342350', '1306933', 'PÚBLICO', '6');
INSERT INTO Escola(idEscola, nome, codDGAE, codDGEEC, tipo, idConcelho) VALUES ('460', 'Escola Básica e Secundária À Beira Douro, Gondomar', '344321', '1304679', 'PÚBLICO', '4');
INSERT INTO Escola(idEscola, nome, codDGAE, codDGEEC, tipo, idConcelho) VALUES ('461', 'Escola Básica e Secundária Vale D Este, Viatodos, Barcelos', '343687', '302247', 'PÚBLICO', '2');
INSERT INTO Escola(idEscola, nome, codDGAE, codDGEEC, tipo, idConcelho) VALUES ('462', 'Escola Básica e Secundária Dr. Vieira de Carvalho, Maia', '342270', '1306564', 'PÚBLICO', '6');
INSERT INTO Escola(idEscola, nome, codDGAE, codDGEEC, tipo, idConcelho) VALUES ('463', 'Escola Básica e Secundária de Campo, Valongo', '342452', '1315577', 'PÚBLICO', '15');
INSERT INTO Escola(idEscola, nome, codDGAE, codDGEEC, tipo, idConcelho) VALUES ('464', 'Escola Básica e Secundária Gomes Teixeira, Armamar', '343729', '1801278', 'PÚBLICO', '1');
INSERT INTO Escola(idEscola, nome, codDGAE, codDGEEC, tipo, idConcelho) VALUES ('465', 'Escola Básica e Secundária Dr. Ferreira da Silva, Oliveira de Azeméis', '345763', '113513', 'PÚBLICO', '13');
INSERT INTO Escola(idEscola, nome, codDGAE, codDGEEC, tipo, idConcelho) VALUES ('466', 'Escola Básica e Secundária de Escariz, Arouca', '346585', '104118', 'PÚBLICO', '4');
INSERT INTO Escola(idEscola, nome, codDGAE, codDGEEC, tipo, idConcelho) VALUES ('467', 'Escola Básica e Secundária D. Martinho Vaz de Castelo Branco', '340881', '1114316', 'PÚBLICO', '14');
INSERT INTO Escola(idEscola, nome, codDGAE, codDGEEC, tipo, idConcelho) VALUES ('468', 'Escola Básica e Secundária de Coronado e Castro, Trofa', '343006', '1314556', 'PÚBLICO', '18');
INSERT INTO Escola(idEscola, nome, codDGAE, codDGEEC, tipo, idConcelho) VALUES ('469', 'Escola Secundária D. António Taipa, Freamunde, Paços de Ferreira', '346913', '1309013', 'PÚBLICO', '9');
INSERT INTO Escola(idEscola, nome, codDGAE, codDGEEC, tipo, idConcelho) VALUES ('470', 'Escola Básica e Secundária de Manteigas', '342063', '908063', 'PÚBLICO', '8');
INSERT INTO Escola(idEscola, nome, codDGAE, codDGEEC, tipo, idConcelho) VALUES ('471', 'Escola Básica e Secundária Matilde Rosa Araújo', '342178', '1105186', 'PÚBLICO', '5');
INSERT INTO Escola(idEscola, nome, codDGAE, codDGEEC, tipo, idConcelho) VALUES ('472', 'Escola Básica e Secundária Mestre Domingos Saraiva', '342191', '1111592', 'PÚBLICO', '11');
INSERT INTO Escola(idEscola, nome, codDGAE, codDGEEC, tipo, idConcelho) VALUES ('473', 'Escola Básica e Secundária Amadeu Gaudêncio, Nazaré', '340170', '1011933', 'PÚBLICO', '11');
INSERT INTO Escola(idEscola, nome, codDGAE, codDGEEC, tipo, idConcelho) VALUES ('474', 'Escola Secundária Jerónimo Emiliano Andrade', '390141', '31010401', 'PÚBLICO', '1');
INSERT INTO Escola(idEscola, nome, codDGAE, codDGEEC, tipo, idConcelho) VALUES ('475', 'Escola Secundária Domingos Rebelo', '390111', '23020401', 'PÚBLICO', '23');
INSERT INTO Escola(idEscola, nome, codDGAE, codDGEEC, tipo, idConcelho) VALUES ('476', 'Escola Secundária Antero de Quental', '390113', '23010401', 'PÚBLICO', '23');
INSERT INTO Escola(idEscola, nome, codDGAE, codDGEEC, tipo, idConcelho) VALUES ('477', 'Escola Secundária das Laranjeiras', '390109', '23030401', 'PÚBLICO', '23');
INSERT INTO Escola(idEscola, nome, codDGAE, codDGEEC, tipo, idConcelho) VALUES ('478', 'Escola Secundária Manuel de Arriaga, Horta', '390165', '71010401', 'PÚBLICO', '12');
INSERT INTO Escola(idEscola, nome, codDGAE, codDGEEC, tipo, idConcelho) VALUES ('479', 'Escola Básica e Secundária de Lajes do Pico', '390169', '61012901', 'PÚBLICO', '14');
INSERT INTO Escola(idEscola, nome, codDGAE, codDGEEC, tipo, idConcelho) VALUES ('480', 'Escola Básica e Secundária de São Roque do Pico', '290634', '63012901', 'PÚBLICO', '17');
INSERT INTO Escola(idEscola, nome, codDGAE, codDGEEC, tipo, idConcelho) VALUES ('481', 'Escola Básica e Secundária de Santa Maria', '290622', '11012901', 'PÚBLICO', '27');
INSERT INTO Escola(idEscola, nome, codDGAE, codDGEEC, tipo, idConcelho) VALUES ('482', 'Escola Secundária da Ribeira Grande', '290630', '25010401', 'PÚBLICO', '25');
INSERT INTO Escola(idEscola, nome, codDGAE, codDGEEC, tipo, idConcelho) VALUES ('483', 'Escola Secundária Vitorino Nemésio, Praia da Vitória', '390148', '32010401', 'PÚBLICO', '5');
INSERT INTO Escola(idEscola, nome, codDGAE, codDGEEC, tipo, idConcelho) VALUES ('484', 'Escola Básica e Secundária das Flores', '390160', '89012601', 'PÚBLICO', '16');
INSERT INTO Escola(idEscola, nome, codDGAE, codDGEEC, tipo, idConcelho) VALUES ('485', 'Escola Básica e Secundária de Velas', '390152', '52012901', 'PÚBLICO', '4');
INSERT INTO Escola(idEscola, nome, codDGAE, codDGEEC, tipo, idConcelho) VALUES ('486', 'Escola Básica e Secundária da Calheta', '390153', '51012901', 'PÚBLICO', '2');
INSERT INTO Escola(idEscola, nome, codDGAE, codDGEEC, tipo, idConcelho) VALUES ('487', 'Escola Básica e Secundária da Graciosa', '290633', '41012901', 'PÚBLICO', '3');
INSERT INTO Escola(idEscola, nome, codDGAE, codDGEEC, tipo, idConcelho) VALUES ('488', 'Escola Básica e Secundária de Nordeste', '390126', '22012901', 'PÚBLICO', '22');
INSERT INTO Escola(idEscola, nome, codDGAE, codDGEEC, tipo, idConcelho) VALUES ('489', 'Escola Básica e Secundária da Madalena', '390173', '62012901', 'PÚBLICO', '15');
INSERT INTO Escola(idEscola, nome, codDGAE, codDGEEC, tipo, idConcelho) VALUES ('490', 'Escola Básica e Secundária da Povoação', '390130', '24012901', 'PÚBLICO', '24');
INSERT INTO Escola(idEscola, nome, codDGAE, codDGEEC, tipo, idConcelho) VALUES ('491', 'Escola Secundária da Lagoa', '390112', '21010701', 'PÚBLICO', '21');
INSERT INTO Escola(idEscola, nome, codDGAE, codDGEEC, tipo, idConcelho) VALUES ('492', 'Escola Básica Integrada Mouzinho da Silveira', '912526', '91012401', 'PÚBLICO', '11');
INSERT INTO Escola(idEscola, nome, codDGAE, codDGEEC, tipo, idConcelho) VALUES ('493', 'Escola Básica e Secundária Vila Franca do Campo', '912512', '26010201', 'PÚBLICO', '26');
INSERT INTO Escola(idEscola, nome, codDGAE, codDGEEC, tipo, idConcelho) VALUES ('494', 'Escola Básica e Secundária Tomás de Borba', '912522', '4301363', 'PÚBLICO', '1');
INSERT INTO Escola(idEscola, nome, codDGAE, codDGEEC, tipo, idConcelho) VALUES ('495', 'Escola Secundária Jaime Moniz', '390040', '1903460', 'PÚBLICO', '3');
INSERT INTO Escola(idEscola, nome, codDGAE, codDGEEC, tipo, idConcelho) VALUES ('496', 'Escola Secundária Francisco Franco', '390043', '1903469', 'PÚBLICO', '3');
INSERT INTO Escola(idEscola, nome, codDGAE, codDGEEC, tipo, idConcelho) VALUES ('497', 'Escola Complementar do Til - APEL', '490130', '1903465', 'PRIVADO', '3');
INSERT INTO Escola(idEscola, nome, codDGAE, codDGEEC, tipo, idConcelho) VALUES ('498', 'Escola Básica e Secundária Professor Dr. Francisco de Freitas Branco', '390103', '1907714', 'PÚBLICO', '7');
INSERT INTO Escola(idEscola, nome, codDGAE, codDGEEC, tipo, idConcelho) VALUES ('499', 'Escola Básica e Secundária Dr. Ângelo Augusto Silva', '390033', '1903416', 'PÚBLICO', '3');
INSERT INTO Escola(idEscola, nome, codDGAE, codDGEEC, tipo, idConcelho) VALUES ('500', 'Escola Básica e Secundária de Machico', '390066', '1904750', 'PÚBLICO', '4');
INSERT INTO Escola(idEscola, nome, codDGAE, codDGEEC, tipo, idConcelho) VALUES ('501', 'Escola Básica e Secundária Padre Manuel Álvares', '390093', '1908732', 'PÚBLICO', '8');
INSERT INTO Escola(idEscola, nome, codDGAE, codDGEEC, tipo, idConcelho) VALUES ('502', 'Escola Básica e Secundária com Pré-escolar da Calheta', '390100', '1901216', 'PÚBLICO', '1');
INSERT INTO Escola(idEscola, nome, codDGAE, codDGEEC, tipo, idConcelho) VALUES ('503', 'Escola Básica e Secundária Gonçalves Zarco', '390029', '1903964', 'PÚBLICO', '3');
INSERT INTO Escola(idEscola, nome, codDGAE, codDGEEC, tipo, idConcelho) VALUES ('504', 'Escola Básica e Secundária de Santa Cruz', '390048', '1909614', 'PÚBLICO', '9');
INSERT INTO Escola(idEscola, nome, codDGAE, codDGEEC, tipo, idConcelho) VALUES ('505', 'Escola Básica e Secundária Bispo D. Manuel Ferreira Cabral', '390071', '1910118', 'PÚBLICO', '10');
INSERT INTO Escola(idEscola, nome, codDGAE, codDGEEC, tipo, idConcelho) VALUES ('506', 'Escola Básica e Secundária D. Lucinda Andrade', '390073', '1911008', 'PÚBLICO', '11');
INSERT INTO Escola(idEscola, nome, codDGAE, codDGEEC, tipo, idConcelho) VALUES ('507', 'Escola Básica e Secundária com Pré-escolar e Creche do Porto Moniz', '390079', '1906010', 'PÚBLICO', '6');
INSERT INTO Escola(idEscola, nome, codDGAE, codDGEEC, tipo, idConcelho) VALUES ('508', 'Escola Básica e Secundária Dr. Luís Maurílio da Silva Dantas', '390084', '3102311', 'PÚBLICO', '2');
INSERT INTO Escola(idEscola, nome, codDGAE, codDGEEC, tipo, idConcelho) VALUES ('509', 'Escola Básica e Secundária da Ponta do Sol', '390095', '1905812', 'PÚBLICO', '5');
INSERT INTO Escola(idEscola, nome, codDGAE, codDGEEC, tipo, idConcelho) VALUES ('510', 'Escola Artística do Conservatório de Música Calouste Gulbenkian, Braga', '404251', '303633', 'PÚBLICO', '3');
INSERT INTO Escola(idEscola, nome, codDGAE, codDGEEC, tipo, idConcelho) VALUES ('511', 'Escola Artística do Conservatório de Música do Porto', '404214', '1312640', 'PÚBLICO', '12');
INSERT INTO Escola(idEscola, nome, codDGAE, codDGEEC, tipo, idConcelho) VALUES ('512', 'Colégio de Albergaria', '500021', '102475', 'PRIVADO', '2');
INSERT INTO Escola(idEscola, nome, codDGAE, codDGEEC, tipo, idConcelho) VALUES ('513', 'Colégio de Lamas', '380577', '109937', 'PRIVADO', '9');
INSERT INTO Escola(idEscola, nome, codDGAE, codDGEEC, tipo, idConcelho) VALUES ('514', 'Colégio de Nossa Senhora da Assunção', '380473', '103685', 'PRIVADO', '3');
INSERT INTO Escola(idEscola, nome, codDGAE, codDGEEC, tipo, idConcelho) VALUES ('515', 'Colégio Diocesano de Nossa Senhora da Apresentação', '380477', '118500', 'PRIVADO', '18');
INSERT INTO Escola(idEscola, nome, codDGAE, codDGEEC, tipo, idConcelho) VALUES ('516', 'Colégio La Salle', '380596', '302294', 'PRIVADO', '2');
INSERT INTO Escola(idEscola, nome, codDGAE, codDGEEC, tipo, idConcelho) VALUES ('517', 'Colégio de Nossa Senhora da Graça', '500367', '211889', 'PRIVADO', '11');
INSERT INTO Escola(idEscola, nome, codDGAE, codDGEEC, tipo, idConcelho) VALUES ('518', 'Didáxis - Riba de Ave, Vila Nova de Famalicão', '380601', '312395', 'PRIVADO', '12');
INSERT INTO Escola(idEscola, nome, codDGAE, codDGEEC, tipo, idConcelho) VALUES ('519', 'Colégio D. Diogo de Sousa', '500586', '303252', 'PRIVADO', '3');
INSERT INTO Escola(idEscola, nome, codDGAE, codDGEEC, tipo, idConcelho) VALUES ('520', 'Externato Carvalho Araújo', '950028', '303581', 'PRIVADO', '3');
INSERT INTO Escola(idEscola, nome, codDGAE, codDGEEC, tipo, idConcelho) VALUES ('521', 'Externato Infante D. Henrique - ALFACOOP, Braga', '380590', '303829', 'PRIVADO', '3');
INSERT INTO Escola(idEscola, nome, codDGAE, codDGEEC, tipo, idConcelho) VALUES ('522', 'Externato S. Miguel de Refojos, Cabeceiras de Basto', '380611', '304101', 'PRIVADO', '4');
INSERT INTO Escola(idEscola, nome, codDGAE, codDGEEC, tipo, idConcelho) VALUES ('523', 'Didálvi - Cooperativa de Ensino de Alvito - S. Pedro, CRL, Barcelos', '380771', '302759', 'PRIVADO', '2');
INSERT INTO Escola(idEscola, nome, codDGAE, codDGEEC, tipo, idConcelho) VALUES ('524', 'Didáxis - Vale de S. Cosme, Vila Nova de Famalicão', '380597', '312137', 'PRIVADO', '12');
INSERT INTO Escola(idEscola, nome, codDGAE, codDGEEC, tipo, idConcelho) VALUES ('525', 'Externato Vila Meã, Amarante', '380581', '1301633', 'PRIVADO', '1');
INSERT INTO Escola(idEscola, nome, codDGAE, codDGEEC, tipo, idConcelho) VALUES ('526', 'Instituto Vaz Serra', '380750', '509151', 'PRIVADO', '9');
INSERT INTO Escola(idEscola, nome, codDGAE, codDGEEC, tipo, idConcelho) VALUES ('527', 'Colégio da Rainha Santa Isabel', '500811', '603332', 'PRIVADO', '3');
INSERT INTO Escola(idEscola, nome, codDGAE, codDGEEC, tipo, idConcelho) VALUES ('528', 'Colégio de São Teotónio', '500940', '603954', 'PRIVADO', '3');
INSERT INTO Escola(idEscola, nome, codDGAE, codDGEEC, tipo, idConcelho) VALUES ('529', 'Instituto Pedro Hispano', '380736', '615733', 'PRIVADO', '15');
INSERT INTO Escola(idEscola, nome, codDGAE, codDGEEC, tipo, idConcelho) VALUES ('530', 'Instituto Inácio Loyola/Colégio da Imaculada Conceição', '380451', '603668', 'PRIVADO', '3');
INSERT INTO Escola(idEscola, nome, codDGAE, codDGEEC, tipo, idConcelho) VALUES ('531', 'Colégio do Ave', '308875', '308875', 'PRIVADO', '8');
INSERT INTO Escola(idEscola, nome, codDGAE, codDGEEC, tipo, idConcelho) VALUES ('532', 'Colégio Real Colégio de Portugal', '200700', '1106462', 'PRIVADO', '6');
INSERT INTO Escola(idEscola, nome, codDGAE, codDGEEC, tipo, idConcelho) VALUES ('533', 'Colégio Minerva', '380033', '1504009', 'PRIVADO', '4');
INSERT INTO Escola(idEscola, nome, codDGAE, codDGEEC, tipo, idConcelho) VALUES ('534', 'Colégio Internacional de Vilamoura', '501396', '808038', 'PRIVADO', '8');
INSERT INTO Escola(idEscola, nome, codDGAE, codDGEEC, tipo, idConcelho) VALUES ('535', 'Nobel International School Algarve', '501190', '806059', 'PRIVADO', '6');
INSERT INTO Escola(idEscola, nome, codDGAE, codDGEEC, tipo, idConcelho) VALUES ('536', 'Externato Cooperativo da Benedita-Inst.NªSrªda Encarnação', '380758', '1001807', 'PRIVADO', '1');
INSERT INTO Escola(idEscola, nome, codDGAE, codDGEEC, tipo, idConcelho) VALUES ('537', 'Externato D. Fuas Roupinho', '380213', '1011314', 'PRIVADO', '11');
INSERT INTO Escola(idEscola, nome, codDGAE, codDGEEC, tipo, idConcelho) VALUES ('538', 'Escola Monsenhor José Galamba de Oliveira, Leiria', '380207', '1009954', 'PRIVADO', '9');
INSERT INTO Escola(idEscola, nome, codDGAE, codDGEEC, tipo, idConcelho) VALUES ('539', 'Instituto D. João V', '380735', '1015274', 'PRIVADO', '15');
INSERT INTO Escola(idEscola, nome, codDGAE, codDGEEC, tipo, idConcelho) VALUES ('540', 'Colégio Cidade Roda', '380459', '1015777', 'PRIVADO', '15');
INSERT INTO Escola(idEscola, nome, codDGAE, codDGEEC, tipo, idConcelho) VALUES ('541', 'Colégio João de Barros', '380460', '1015672', 'PRIVADO', '15');
INSERT INTO Escola(idEscola, nome, codDGAE, codDGEEC, tipo, idConcelho) VALUES ('542', 'Instituto Educativo do Juncal', '380727', '1016869', 'PRIVADO', '16');
INSERT INTO Escola(idEscola, nome, codDGAE, codDGEEC, tipo, idConcelho) VALUES ('543', 'Colégio São João de Brito', '502273', '1106900', 'PRIVADO', '6');
INSERT INTO Escola(idEscola, nome, codDGAE, codDGEEC, tipo, idConcelho) VALUES ('544', 'Externato Álvares Cabral', '380114', '1106784', 'PRIVADO', '6');
INSERT INTO Escola(idEscola, nome, codDGAE, codDGEEC, tipo, idConcelho) VALUES ('545', 'Externato João Alberto Faria', '380230', '1102623', 'PRIVADO', '2');
INSERT INTO Escola(idEscola, nome, codDGAE, codDGEEC, tipo, idConcelho) VALUES ('546', 'Colégio Amadeu Andrés', '503502', '1106482', 'PRIVADO', '6');
INSERT INTO Escola(idEscola, nome, codDGAE, codDGEEC, tipo, idConcelho) VALUES ('547', 'Colégio Mira Rio', '504828', '1106094', 'PRIVADO', '6');
INSERT INTO Escola(idEscola, nome, codDGAE, codDGEEC, tipo, idConcelho) VALUES ('548', 'Colégio Moderno', '504026', '1106672', 'PRIVADO', '6');
INSERT INTO Escola(idEscola, nome, codDGAE, codDGEEC, tipo, idConcelho) VALUES ('549', 'Colégio Valsassina', '505195', '1106504', 'PRIVADO', '6');
INSERT INTO Escola(idEscola, nome, codDGAE, codDGEEC, tipo, idConcelho) VALUES ('550', 'Salesianos do Estoril - Escola', '501852', '1105105', 'PRIVADO', '5');
INSERT INTO Escola(idEscola, nome, codDGAE, codDGEEC, tipo, idConcelho) VALUES ('551', 'Salesianos de Lisboa', '380089', '1106340', 'PRIVADO', '6');
INSERT INTO Escola(idEscola, nome, codDGAE, codDGEEC, tipo, idConcelho) VALUES ('552', 'Colégio Manuel Bernardes', '502121', '1106288', 'PRIVADO', '6');
INSERT INTO Escola(idEscola, nome, codDGAE, codDGEEC, tipo, idConcelho) VALUES ('553', 'Colégio do Sagrado Coração de Maria', '503885', '1106271', 'PRIVADO', '6');
INSERT INTO Escola(idEscola, nome, codDGAE, codDGEEC, tipo, idConcelho) VALUES ('554', 'Colégio São José do Ramalhão', '503563', '1111905', 'PRIVADO', '11');
INSERT INTO Escola(idEscola, nome, codDGAE, codDGEEC, tipo, idConcelho) VALUES ('555', 'Colégio Maristas de Carcavelos', '502420', '1105005', 'PRIVADO', '5');
INSERT INTO Escola(idEscola, nome, codDGAE, codDGEEC, tipo, idConcelho) VALUES ('556', 'Colégio do Amor de Deus', '502856', '1105116', 'PRIVADO', '5');
INSERT INTO Escola(idEscola, nome, codDGAE, codDGEEC, tipo, idConcelho) VALUES ('557', 'Escola Salesiana de Manique', '380342', '1105158', 'PRIVADO', '5');
INSERT INTO Escola(idEscola, nome, codDGAE, codDGEEC, tipo, idConcelho) VALUES ('558', 'Academia de Música de Santa Cecília', '502558', '1106570', 'PRIVADO', '6');
INSERT INTO Escola(idEscola, nome, codDGAE, codDGEEC, tipo, idConcelho) VALUES ('559', 'Colégio de Santa Doroteia', '380155', '1106494', 'PRIVADO', '6');
INSERT INTO Escola(idEscola, nome, codDGAE, codDGEEC, tipo, idConcelho) VALUES ('560', 'Externato Marista de Lisboa', '503708', '1106712', 'PRIVADO', '6');
INSERT INTO Escola(idEscola, nome, codDGAE, codDGEEC, tipo, idConcelho) VALUES ('561', 'Colégio Bartolomeu Dias', '502911', '1107198', 'PRIVADO', '7');
INSERT INTO Escola(idEscola, nome, codDGAE, codDGEEC, tipo, idConcelho) VALUES ('562', 'Externato Flor do Campo', '502340', '1107809', 'PRIVADO', '16');
INSERT INTO Escola(idEscola, nome, codDGAE, codDGEEC, tipo, idConcelho) VALUES ('563', 'Instituto de Ciências Educativas', '610005', '1107824', 'PRIVADO', '16');
INSERT INTO Escola(idEscola, nome, codDGAE, codDGEEC, tipo, idConcelho) VALUES ('564', 'Externato de Penafirme', '380217', '1113045', 'PRIVADO', '13');
INSERT INTO Escola(idEscola, nome, codDGAE, codDGEEC, tipo, idConcelho) VALUES ('565', 'Colégio D. Filipa', '503162', '1115817', 'PRIVADO', '15');
INSERT INTO Escola(idEscola, nome, codDGAE, codDGEEC, tipo, idConcelho) VALUES ('566', 'Centro de Educação Integral', '500161', '116520', 'PRIVADO', '16');
INSERT INTO Escola(idEscola, nome, codDGAE, codDGEEC, tipo, idConcelho) VALUES ('567', 'Colégio Dr. Luís Pereira da Costa', '380211', '1009346', 'PRIVADO', '9');
INSERT INTO Escola(idEscola, nome, codDGAE, codDGEEC, tipo, idConcelho) VALUES ('568', 'Externato Capitão Santiago de Carvalho', '380634', '504900', 'PRIVADO', '4');
INSERT INTO Escola(idEscola, nome, codDGAE, codDGEEC, tipo, idConcelho) VALUES ('569', 'Instituto Nun Álvares - Santo Tirso', '380747', '1314647', 'PRIVADO', '14');
INSERT INTO Escola(idEscola, nome, codDGAE, codDGEEC, tipo, idConcelho) VALUES ('570', 'Colégio São Gonçalo', '510350', '1301129', 'PRIVADO', '1');
INSERT INTO Escola(idEscola, nome, codDGAE, codDGEEC, tipo, idConcelho) VALUES ('571', 'Colégio Internato dos Carvalhos', '380543', '1317481', 'PRIVADO', '17');
INSERT INTO Escola(idEscola, nome, codDGAE, codDGEEC, tipo, idConcelho) VALUES ('572', 'Colégio Cedros', '380542', '1317929', 'PRIVADO', '17');
INSERT INTO Escola(idEscola, nome, codDGAE, codDGEEC, tipo, idConcelho) VALUES ('573', 'Colégio Cebes', '380788', '1312111', 'PRIVADO', '12');
INSERT INTO Escola(idEscola, nome, codDGAE, codDGEEC, tipo, idConcelho) VALUES ('574', 'Colégio D. Duarte', '380524', '1312033', 'PRIVADO', '12');
INSERT INTO Escola(idEscola, nome, codDGAE, codDGEEC, tipo, idConcelho) VALUES ('575', 'Colégio Luso-Francês', '505810', '1312156', 'PRIVADO', '12');
INSERT INTO Escola(idEscola, nome, codDGAE, codDGEEC, tipo, idConcelho) VALUES ('576', 'Colégio de Gaia', '505821', '1317332', 'PRIVADO', '17');
INSERT INTO Escola(idEscola, nome, codDGAE, codDGEEC, tipo, idConcelho) VALUES ('577', 'Colégio Nossa Senhora do Rosário', '506576', '1312398', 'PRIVADO', '12');
INSERT INTO Escola(idEscola, nome, codDGAE, codDGEEC, tipo, idConcelho) VALUES ('578', 'Externato Ribadouro', '506540', '1312477', 'PRIVADO', '12');
INSERT INTO Escola(idEscola, nome, codDGAE, codDGEEC, tipo, idConcelho) VALUES ('579', 'Grande Colégio Universal', '506655', '1312419', 'PRIVADO', '12');
INSERT INTO Escola(idEscola, nome, codDGAE, codDGEEC, tipo, idConcelho) VALUES ('580', 'Colégio D. Dinis (Stª Catarina)', '380491', '1312399', 'PRIVADO', '12');
INSERT INTO Escola(idEscola, nome, codDGAE, codDGEEC, tipo, idConcelho) VALUES ('581', 'Externato Académico', '380497', '1312163', 'PRIVADO', '12');
INSERT INTO Escola(idEscola, nome, codDGAE, codDGEEC, tipo, idConcelho) VALUES ('582', 'Colégio Nossa Senhora da Bonança', '505523', '1317082', 'PRIVADO', '17');
INSERT INTO Escola(idEscola, nome, codDGAE, codDGEEC, tipo, idConcelho) VALUES ('583', 'Salesianos de Évora - Colégio', '380640', '705740', 'PRIVADO', '5');
INSERT INTO Escola(idEscola, nome, codDGAE, codDGEEC, tipo, idConcelho) VALUES ('584', 'Salesianos do Porto - Colégio', '506461', '1312798', 'PRIVADO', '12');
INSERT INTO Escola(idEscola, nome, codDGAE, codDGEEC, tipo, idConcelho) VALUES ('585', 'Colégio Horizonte', '505882', '1312899', 'PRIVADO', '17');
INSERT INTO Escola(idEscola, nome, codDGAE, codDGEEC, tipo, idConcelho) VALUES ('586', 'Colégio D. Dinis (Antº. Carneiro)', '380530', '1312392', 'PRIVADO', '12');
INSERT INTO Escola(idEscola, nome, codDGAE, codDGEEC, tipo, idConcelho) VALUES ('587', 'Externato Camões', '505547', '1304119', 'PRIVADO', '4');
INSERT INTO Escola(idEscola, nome, codDGAE, codDGEEC, tipo, idConcelho) VALUES ('588', 'Colégio Paulo VI', '506291', '1304792', 'PRIVADO', '4');
INSERT INTO Escola(idEscola, nome, codDGAE, codDGEEC, tipo, idConcelho) VALUES ('589', 'Colégio de Ermesinde', '505729', '1315877', 'PRIVADO', '15');
INSERT INTO Escola(idEscola, nome, codDGAE, codDGEEC, tipo, idConcelho) VALUES ('590', 'Colégio Campo de Flores', '507246', '1503325', 'PRIVADO', '3');
INSERT INTO Escola(idEscola, nome, codDGAE, codDGEEC, tipo, idConcelho) VALUES ('591', 'Centro de Estudos de Fátima - CEF', '380783', '1421978', 'PRIVADO', '21');
INSERT INTO Escola(idEscola, nome, codDGAE, codDGEEC, tipo, idConcelho) VALUES ('592', 'Colégio São Miguel', '380214', '1421117', 'PRIVADO', '21');
INSERT INTO Escola(idEscola, nome, codDGAE, codDGEEC, tipo, idConcelho) VALUES ('593', 'Externato Frei Luís de Sousa', '507751', '1503308', 'PRIVADO', '3');
INSERT INTO Escola(idEscola, nome, codDGAE, codDGEEC, tipo, idConcelho) VALUES ('594', 'Colégio de Nossa Senhora da Boavista', '380618', '1714112', 'PRIVADO', '14');
INSERT INTO Escola(idEscola, nome, codDGAE, codDGEEC, tipo, idConcelho) VALUES ('595', 'Colégio Atlântico', '507570', '1510775', 'PRIVADO', '10');
INSERT INTO Escola(idEscola, nome, codDGAE, codDGEEC, tipo, idConcelho) VALUES ('596', 'Colégio de Lamego', '380621', '1805987', 'PRIVADO', '5');
INSERT INTO Escola(idEscola, nome, codDGAE, codDGEEC, tipo, idConcelho) VALUES ('597', 'Escola INED - Nevogilde', '380015', '1312643', 'PRIVADO', '12');
INSERT INTO Escola(idEscola, nome, codDGAE, codDGEEC, tipo, idConcelho) VALUES ('598', 'Colégio Nossa Senhora da Esperança', '508202', '1312146', 'PRIVADO', '12');
INSERT INTO Escola(idEscola, nome, codDGAE, codDGEEC, tipo, idConcelho) VALUES ('599', 'Colégio St. Peters School', '380027', '1508020', 'PRIVADO', '8');
INSERT INTO Escola(idEscola, nome, codDGAE, codDGEEC, tipo, idConcelho) VALUES ('600', 'Colégio Santo André', '517708', '1109902', 'PRIVADO', '9');
INSERT INTO Escola(idEscola, nome, codDGAE, codDGEEC, tipo, idConcelho) VALUES ('601', 'Colégio Rainha D. Leonor', '380210', '1006058', 'PRIVADO', '6');
INSERT INTO Escola(idEscola, nome, codDGAE, codDGEEC, tipo, idConcelho) VALUES ('602', 'Colégio Miramar', '502031', '1109661', 'PRIVADO', '9');
INSERT INTO Escola(idEscola, nome, codDGAE, codDGEEC, tipo, idConcelho) VALUES ('603', 'Colégio de Amorim', '505638', '1316192', 'PRIVADO', '13');
INSERT INTO Escola(idEscola, nome, codDGAE, codDGEEC, tipo, idConcelho) VALUES ('604', 'Colégio Casa Mãe', '506084', '1310973', 'PRIVADO', '10');
INSERT INTO Escola(idEscola, nome, codDGAE, codDGEEC, tipo, idConcelho) VALUES ('605', 'Colégio Guadalupe', '381093', '1510811', 'PRIVADO', '10');
INSERT INTO Escola(idEscola, nome, codDGAE, codDGEEC, tipo, idConcelho) VALUES ('606', 'Colégio São Tomás', '200716', '1106157', 'PRIVADO', '6');
INSERT INTO Escola(idEscola, nome, codDGAE, codDGEEC, tipo, idConcelho) VALUES ('607', 'Colégio da Trofa', '505687', '1314540', 'PRIVADO', '18');
INSERT INTO Escola(idEscola, nome, codDGAE, codDGEEC, tipo, idConcelho) VALUES ('608', 'Colégio Euroatlântico', '506497', '1308886', 'PRIVADO', '8');
INSERT INTO Escola(idEscola, nome, codDGAE, codDGEEC, tipo, idConcelho) VALUES ('609', 'Colégio do Castanheiro', '912513', '4203779', 'PRIVADO', '23');
INSERT INTO Escola(idEscola, nome, codDGAE, codDGEEC, tipo, idConcelho) VALUES ('610', 'Colégio Júlio Dinis', '505675', '1312412', 'PRIVADO', '12');
INSERT INTO Escola(idEscola, nome, codDGAE, codDGEEC, tipo, idConcelho) VALUES ('611', 'Colégio Terras de Santa Maria', '380896', '109416', 'PRIVADO', '9');
INSERT INTO Escola(idEscola, nome, codDGAE, codDGEEC, tipo, idConcelho) VALUES ('612', 'Colégio Arautos do Evangelho', '500562', '308937', 'PRIVADO', '8');
INSERT INTO Escola(idEscola, nome, codDGAE, codDGEEC, tipo, idConcelho) VALUES ('613', 'Colégio do Minho', '380614', '1609086', 'PRIVADO', '9');
INSERT INTO Escola(idEscola, nome, codDGAE, codDGEEC, tipo, idConcelho) VALUES ('614', 'Colégio Pedro Arrupe', '941028', '1107296', 'PRIVADO', '6');
INSERT INTO Escola(idEscola, nome, codDGAE, codDGEEC, tipo, idConcelho) VALUES ('615', 'Colégio João Paulo II', '945018', '303264', 'PRIVADO', '3');
INSERT INTO Escola(idEscola, nome, codDGAE, codDGEEC, tipo, idConcelho) VALUES ('616', 'Colégio Nossa Senhora da Paz', '506308', '1312990', 'PRIVADO', '12');
INSERT INTO Escola(idEscola, nome, codDGAE, codDGEEC, tipo, idConcelho) VALUES ('617', 'Colégio Novo da Maia', '913006', '1306885', 'PRIVADO', '6');
INSERT INTO Escola(idEscola, nome, codDGAE, codDGEEC, tipo, idConcelho) VALUES ('618', 'Escola Internacional de Torres Vedras', '502754', '1113977', 'PRIVADO', '13');

-- Tipo de Curso
INSERT INTO TipoCurso (codTipoCurso, nome, anoEscInicio, anoEscFinal) VALUES ('C', 'Cursos complementares dos 10º/11º anos', '10', '11');
INSERT INTO TipoCurso (codTipoCurso, nome, anoEscInicio, anoEscFinal) VALUES ('E', 'Via de ensino do 12º ano', '12', '12');
INSERT INTO TipoCurso (codTipoCurso, nome, anoEscInicio, anoEscFinal) VALUES ('N', 'Nivel secundario de educacao', '10', '12');
INSERT INTO TipoCurso (codTipoCurso, nome, anoEscInicio, anoEscFinal) VALUES ('P', 'Ensino profissional', '10', '12');
INSERT INTO TipoCurso (codTipoCurso, nome, anoEscInicio, anoEscFinal) VALUES ('Q', 'Equivalencias', '10', '12');
INSERT INTO TipoCurso (codTipoCurso, nome, anoEscInicio, anoEscFinal) VALUES ('R', 'Ensino secundario', '10', '12');
INSERT INTO TipoCurso (codTipoCurso, nome, anoEscInicio, anoEscFinal) VALUES ('T', 'Tecnico-profissionais', '10', '12');
INSERT INTO TipoCurso (codTipoCurso, nome, anoEscInicio, anoEscFinal) VALUES ('U', 'Ensino recorrente', '10', '12');
INSERT INTO TipoCurso (codTipoCurso, nome, anoEscInicio, anoEscFinal) VALUES ('V', 'Via profissionalizante do 12º ano', '10', '11');
INSERT INTO TipoCurso (codTipoCurso, nome, anoEscInicio, anoEscFinal) VALUES ('W', 'Via profissionalizante dos 10º/12º anos', '10', '12');

-- Sub Tipo de Curso
INSERT INTO SubTipoCurso(codSubTipoCurso, nome, codTipoCurso) VALUES ('C01', 'Cursos diurnos', 'C');
INSERT INTO SubTipoCurso(codSubTipoCurso, nome, codTipoCurso) VALUES ('C02', 'Cursos nocturnos', 'C');
INSERT INTO SubTipoCurso(codSubTipoCurso, nome, codTipoCurso) VALUES ('C03', 'Equivalência a curso complementar', 'C');
INSERT INTO SubTipoCurso(codSubTipoCurso, nome, codTipoCurso) VALUES ('E01', 'Via de ensino do 12º ano', 'E');
INSERT INTO SubTipoCurso(codSubTipoCurso, nome, codTipoCurso) VALUES ('E64', 'Situações decorrentes do Despacho 64/ME/95', 'E');
INSERT INTO SubTipoCurso(codSubTipoCurso, nome, codTipoCurso) VALUES ('E90', '12º ano de escolaridade (ensino artístico)', 'E');
INSERT INTO SubTipoCurso(codSubTipoCurso, nome, codTipoCurso) VALUES ('N01', 'Cursos Científico-Humanísticos', 'N');
INSERT INTO SubTipoCurso(codSubTipoCurso, nome, codTipoCurso) VALUES ('N02', 'Cursos Artísticos Especializados', 'N');
INSERT INTO SubTipoCurso(codSubTipoCurso, nome, codTipoCurso) VALUES ('N03', 'Cursos Tecnológicos', 'N');
INSERT INTO SubTipoCurso(codSubTipoCurso, nome, codTipoCurso) VALUES ('N04', 'Cursos Científico-Humanísticos do Ensino Recorrente', 'N');
INSERT INTO SubTipoCurso(codSubTipoCurso, nome, codTipoCurso) VALUES ('N05', 'Cursos Tecnológicos do Ensino Recorrente', 'N');
INSERT INTO SubTipoCurso(codSubTipoCurso, nome, codTipoCurso) VALUES ('N06', 'Cursos Artísticos Especializados do Ensino Recorrente', 'N');
INSERT INTO SubTipoCurso(codSubTipoCurso, nome, codTipoCurso) VALUES ('N07', 'Cursos Profissionais', 'N');
INSERT INTO SubTipoCurso(codSubTipoCurso, nome, codTipoCurso) VALUES ('N08', 'Cursos Vocacionais', 'N');
INSERT INTO SubTipoCurso(codSubTipoCurso, nome, codTipoCurso) VALUES ('N20', 'Colégio Internato dos Carvalhos - Tipo N', 'N');
INSERT INTO SubTipoCurso(codSubTipoCurso, nome, codTipoCurso) VALUES ('N21', 'Colégio de Gaia -Tipo N', 'N');
INSERT INTO SubTipoCurso(codSubTipoCurso, nome, codTipoCurso) VALUES ('N22', 'Instituto Nun Álvares - Santo Tirso - Tipo N', 'N');
INSERT INTO SubTipoCurso(codSubTipoCurso, nome, codTipoCurso) VALUES ('N24', 'Colégio de S. Gonçalo - Amarante - Tipo N', 'N');
INSERT INTO SubTipoCurso(codSubTipoCurso, nome, codTipoCurso) VALUES ('N25', 'Colégio de S. Miguel - Fátima - Tipo N', 'N');
INSERT INTO SubTipoCurso(codSubTipoCurso, nome, codTipoCurso) VALUES ('N26', 'Escola de Formação Social e Rural - Lamego e Leiria - Tipo N', 'N');
INSERT INTO SubTipoCurso(codSubTipoCurso, nome, codTipoCurso) VALUES ('N27', 'Colégio Salesianos do Porto - Tipo N', 'N');
INSERT INTO SubTipoCurso(codSubTipoCurso, nome, codTipoCurso) VALUES ('N28', 'INED - Instituto de Educação e Desenvolvimento - Tipo N', 'N');
INSERT INTO SubTipoCurso(codSubTipoCurso, nome, codTipoCurso) VALUES ('N30', 'Instituto das Artes e da Imagem - Tipo N', 'N');
INSERT INTO SubTipoCurso(codSubTipoCurso, nome, codTipoCurso) VALUES ('N40', 'Escola Portuguesa de Macau', 'N');
INSERT INTO SubTipoCurso(codSubTipoCurso, nome, codTipoCurso) VALUES ('N50', 'Colégio Internato dos Carvalhos - Cursos científico-tecnológicos - Via científica', 'N');
INSERT INTO SubTipoCurso(codSubTipoCurso, nome, codTipoCurso) VALUES ('N51', 'Colégio Internato dos Carvalhos - Cursos científico-tecnológicos - Via tecnológica', 'N');
INSERT INTO SubTipoCurso(codSubTipoCurso, nome, codTipoCurso) VALUES ('N52', 'Colégio de Gaia - Cursos científico-tecnológicos', 'N');
INSERT INTO SubTipoCurso(codSubTipoCurso, nome, codTipoCurso) VALUES ('N53', 'Instituto das Artes e da Imagem - Cursos artísticos especializados', 'N');
INSERT INTO SubTipoCurso(codSubTipoCurso, nome, codTipoCurso) VALUES ('N54', 'Colégio de S. Gonçalo - Amarante - Cursos científico-tecnológicos', 'N');
INSERT INTO SubTipoCurso(codSubTipoCurso, nome, codTipoCurso) VALUES ('N55', 'Colégio de S. Miguel - Fátima - Cursos científico-tecnológicos', 'N');
INSERT INTO SubTipoCurso(codSubTipoCurso, nome, codTipoCurso) VALUES ('N56', 'Escola de Formação Social e Rural - Lamego e Leiria - Cursos científico-tecnológicos', 'N');
INSERT INTO SubTipoCurso(codSubTipoCurso, nome, codTipoCurso) VALUES ('N57', 'Colégio Salesianos do Porto - Cursos científico-tecnológicos', 'N');
INSERT INTO SubTipoCurso(codSubTipoCurso, nome, codTipoCurso) VALUES ('N58', 'Instituto de Educação e Desenvolvimento - Cursos científico-tecnológicos', 'N');
INSERT INTO SubTipoCurso(codSubTipoCurso, nome, codTipoCurso) VALUES ('N59', 'Cooperativa de Ensino Didáxis - Cursos científico-tecnológicos', 'N');
INSERT INTO SubTipoCurso(codSubTipoCurso, nome, codTipoCurso) VALUES ('N60', 'Instituto Jacob Rodrigues Pereira - Cursos artísticos especializados', 'N');
INSERT INTO SubTipoCurso(codSubTipoCurso, nome, codTipoCurso) VALUES ('N80', 'Ensino Recorrente por Blocos Capitalizáveis (R.A. Açores) - Tipo N', 'N');
INSERT INTO SubTipoCurso(codSubTipoCurso, nome, codTipoCurso) VALUES ('P01', 'Área 1 - Administração, Serviços e Comércio', 'P');
INSERT INTO SubTipoCurso(codSubTipoCurso, nome, codTipoCurso) VALUES ('P02', 'Área 2 - Agro-Alimentar', 'P');
INSERT INTO SubTipoCurso(codSubTipoCurso, nome, codTipoCurso) VALUES ('P03', 'Área 3 - Ambiente e Recursos Naturais', 'P');
INSERT INTO SubTipoCurso(codSubTipoCurso, nome, codTipoCurso) VALUES ('P04', 'Área 4 - Artes do Espectáculo', 'P');
INSERT INTO SubTipoCurso(codSubTipoCurso, nome, codTipoCurso) VALUES ('P05', 'Área 5 - Artes Gráficas', 'P');
INSERT INTO SubTipoCurso(codSubTipoCurso, nome, codTipoCurso) VALUES ('P06', 'Área 6 - Construção Civil', 'P');
INSERT INTO SubTipoCurso(codSubTipoCurso, nome, codTipoCurso) VALUES ('P07', 'Área 7 - Design e Desenho Técnico', 'P');
INSERT INTO SubTipoCurso(codSubTipoCurso, nome, codTipoCurso) VALUES ('P08', 'Área 8 - Electricidade e Electrónica', 'P');
INSERT INTO SubTipoCurso(codSubTipoCurso, nome, codTipoCurso) VALUES ('P09', 'Área 9 - Hotelaria e Turismo', 'P');
INSERT INTO SubTipoCurso(codSubTipoCurso, nome, codTipoCurso) VALUES ('P10', 'Área 10 - Informação, Comunicação e Documentação', 'P');
INSERT INTO SubTipoCurso(codSubTipoCurso, nome, codTipoCurso) VALUES ('P11', 'Área 11 - Informática', 'P');
INSERT INTO SubTipoCurso(codSubTipoCurso, nome, codTipoCurso) VALUES ('P12', 'Área 12 - Intervenção Pessoal e Social', 'P');
INSERT INTO SubTipoCurso(codSubTipoCurso, nome, codTipoCurso) VALUES ('P13', 'Área 13 - Metalomecânica', 'P');
INSERT INTO SubTipoCurso(codSubTipoCurso, nome, codTipoCurso) VALUES ('P14', 'Área 14 - Património Cultural e Prod. Artística', 'P');
INSERT INTO SubTipoCurso(codSubTipoCurso, nome, codTipoCurso) VALUES ('P15', 'Área 15 - Química', 'P');
INSERT INTO SubTipoCurso(codSubTipoCurso, nome, codTipoCurso) VALUES ('P16', 'Área 16 - Têxtil, Vestuário e Calçado', 'P');
INSERT INTO SubTipoCurso(codSubTipoCurso, nome, codTipoCurso) VALUES ('P17', 'Escolas profissionais - Outras Áreas', 'P');
INSERT INTO SubTipoCurso(codSubTipoCurso, nome, codTipoCurso) VALUES ('P18', 'Escolas profissionais - Cursos anteriores ao DL 74/2004', 'P');
INSERT INTO SubTipoCurso(codSubTipoCurso, nome, codTipoCurso) VALUES ('P50', 'Sistema de Aprendizagem (I.E.F.P)', 'P');
INSERT INTO SubTipoCurso(codSubTipoCurso, nome, codTipoCurso) VALUES ('P60', 'Casa Pia de Lisboa', 'P');
INSERT INTO SubTipoCurso(codSubTipoCurso, nome, codTipoCurso) VALUES ('P61', 'Curso de Educador Social do Instituto Piaget', 'P');
INSERT INTO SubTipoCurso(codSubTipoCurso, nome, codTipoCurso) VALUES ('P62', 'Instituto de Formação Bancária', 'P');
INSERT INTO SubTipoCurso(codSubTipoCurso, nome, codTipoCurso) VALUES ('P63', 'Formação de Sargentos da Força Aérea', 'P');
INSERT INTO SubTipoCurso(codSubTipoCurso, nome, codTipoCurso) VALUES ('P64', 'Formação de Sargentos da Marinha', 'P');
INSERT INTO SubTipoCurso(codSubTipoCurso, nome, codTipoCurso) VALUES ('P65', 'Instituto Nacional de Formação Turística', 'P');
INSERT INTO SubTipoCurso(codSubTipoCurso, nome, codTipoCurso) VALUES ('P66', 'Formação de Sargentos do Exército', 'P');
INSERT INTO SubTipoCurso(codSubTipoCurso, nome, codTipoCurso) VALUES ('P67', 'Instituto de Turismo de Portugal, I.P.', 'P');
INSERT INTO SubTipoCurso(codSubTipoCurso, nome, codTipoCurso) VALUES ('P68', 'Formação de Sargentos das Forças Armadas', 'P');
INSERT INTO SubTipoCurso(codSubTipoCurso, nome, codTipoCurso) VALUES ('P70', 'Cursos de Educação e Formação (CEF)', 'P');
INSERT INTO SubTipoCurso(codSubTipoCurso, nome, codTipoCurso) VALUES ('P80', 'Programa Formativo de Inserção de Jovens (Região Autónoma dos Açores)', 'P');
INSERT INTO SubTipoCurso(codSubTipoCurso, nome, codTipoCurso) VALUES ('Q01', 'Equivalências', 'Q');
INSERT INTO SubTipoCurso(codSubTipoCurso, nome, codTipoCurso) VALUES ('R01', 'Cursos Gerais e Cursos Tecnológicos', 'R');
INSERT INTO SubTipoCurso(codSubTipoCurso, nome, codTipoCurso) VALUES ('R02', 'Ensino Artístico (Esc. Sec. António Arroio)', 'R');
INSERT INTO SubTipoCurso(codSubTipoCurso, nome, codTipoCurso) VALUES ('R03', 'Ensino Artístico (Esc. Sec. Soares dos Reis)', 'R');
INSERT INTO SubTipoCurso(codSubTipoCurso, nome, codTipoCurso) VALUES ('R04', 'Ensino Artístico (Música e Dança)', 'R');
INSERT INTO SubTipoCurso(codSubTipoCurso, nome, codTipoCurso) VALUES ('R20', 'Colégio Internato dos Carvalhos - Tipo R', 'R');
INSERT INTO SubTipoCurso(codSubTipoCurso, nome, codTipoCurso) VALUES ('R21', 'Colégio de Gaia - Tipo R', 'R');
INSERT INTO SubTipoCurso(codSubTipoCurso, nome, codTipoCurso) VALUES ('R22', 'Instituto Nun Álvares - Santo Tirso - Tipo R', 'R');
INSERT INTO SubTipoCurso(codSubTipoCurso, nome, codTipoCurso) VALUES ('R23', 'DIDÁXIS - Cooperativa de Ensino', 'R');
INSERT INTO SubTipoCurso(codSubTipoCurso, nome, codTipoCurso) VALUES ('R24', 'Colégio de S. Gonçalo - Amarante - Tipo R', 'R');
INSERT INTO SubTipoCurso(codSubTipoCurso, nome, codTipoCurso) VALUES ('R25', 'Colégio de S. Miguel - Fátima - Tipo R', 'R');
INSERT INTO SubTipoCurso(codSubTipoCurso, nome, codTipoCurso) VALUES ('R26', 'Escola de Formação Social e Rural - Lamego e Leiria - Tipo R', 'R');
INSERT INTO SubTipoCurso(codSubTipoCurso, nome, codTipoCurso) VALUES ('R27', 'Colégio Salesianos do Porto - Tipo R', 'R');
INSERT INTO SubTipoCurso(codSubTipoCurso, nome, codTipoCurso) VALUES ('R28', 'INED - Instituto de Educação e Desenvolvimento - Tipo R', 'R');
INSERT INTO SubTipoCurso(codSubTipoCurso, nome, codTipoCurso) VALUES ('R29', 'Externato de Nossa Senhora do Perpétuo Socorro', 'R');
INSERT INTO SubTipoCurso(codSubTipoCurso, nome, codTipoCurso) VALUES ('R30', 'Instituto das Artes e da Imagem - Tipo R', 'R');
INSERT INTO SubTipoCurso(codSubTipoCurso, nome, codTipoCurso) VALUES ('R31', 'Grande Colégio Universal', 'R');
INSERT INTO SubTipoCurso(codSubTipoCurso, nome, codTipoCurso) VALUES ('R80', 'Ensino Recorrente por Blocos Capitalizáveis (R.A. Açores) - Tipo R', 'R');
INSERT INTO SubTipoCurso(codSubTipoCurso, nome, codTipoCurso) VALUES ('T01', 'Técnico-profissionais', 'T');
INSERT INTO SubTipoCurso(codSubTipoCurso, nome, codTipoCurso) VALUES ('T02', 'Pós-laborais', 'T');
INSERT INTO SubTipoCurso(codSubTipoCurso, nome, codTipoCurso) VALUES ('U01', 'Ensino secundário recorrente', 'U');
INSERT INTO SubTipoCurso(codSubTipoCurso, nome, codTipoCurso) VALUES ('V01', 'Via profissionalizante do 12º ano', 'V');
INSERT INTO SubTipoCurso(codSubTipoCurso, nome, codTipoCurso) VALUES ('W01', 'Via profissionalizante dos 10º/12º anos', 'W');

-- Curso
INSERT INTO Curso(codCurso, nome, codSubTipoCurso) VALUES ('001', '1.º Curso', 'E01');
INSERT INTO Curso(codCurso, nome, codSubTipoCurso) VALUES ('002', '2.º Curso', 'E01');
INSERT INTO Curso(codCurso, nome, codSubTipoCurso) VALUES ('003', '3.º Curso', 'E01');
INSERT INTO Curso(codCurso, nome, codSubTipoCurso) VALUES ('004', '4.º Curso', 'E01');
INSERT INTO Curso(codCurso, nome, codSubTipoCurso) VALUES ('005', '5.º Curso', 'E01');
INSERT INTO Curso(codCurso, nome, codSubTipoCurso) VALUES ('060', 'Ciências e Tecnologias (DL 74/2004)', 'N01');
INSERT INTO Curso(codCurso, nome, codSubTipoCurso) VALUES ('061', 'Ciências Socioeconómicas (DL 74/2004)', 'N01');
INSERT INTO Curso(codCurso, nome, codSubTipoCurso) VALUES ('062', 'Ciências Sociais e Humanas (DL 74/2004)', 'N01');
INSERT INTO Curso(codCurso, nome, codSubTipoCurso) VALUES ('063', 'Línguas e Literaturas (DL 74/2004)', 'N01');
INSERT INTO Curso(codCurso, nome, codSubTipoCurso) VALUES ('064', 'Artes Visuais (DL 74/2004)', 'N01');
INSERT INTO Curso(codCurso, nome, codSubTipoCurso) VALUES ('070', 'Comunicação Audiovisual (DL 74/2004)', 'N02');
INSERT INTO Curso(codCurso, nome, codSubTipoCurso) VALUES ('071', 'Design de Comunicação (DL 74/2004)', 'N02');
INSERT INTO Curso(codCurso, nome, codSubTipoCurso) VALUES ('072', 'Design de Produto (DL 74/2004)', 'N02');
INSERT INTO Curso(codCurso, nome, codSubTipoCurso) VALUES ('073', 'Produção Artística (DL 74/2004)', 'N02');
INSERT INTO Curso(codCurso, nome, codSubTipoCurso) VALUES ('080', 'Construção Civil e Edificações (DL 74/2004)', 'N03');
INSERT INTO Curso(codCurso, nome, codSubTipoCurso) VALUES ('081', 'Eletrotecnia e Eletrónica (DL 74/2004)', 'N03');
INSERT INTO Curso(codCurso, nome, codSubTipoCurso) VALUES ('082', 'Informática (DL 74/2004)', 'N03');
INSERT INTO Curso(codCurso, nome, codSubTipoCurso) VALUES ('083', 'Design de Equipamento (DL 74/2004)', 'N03');
INSERT INTO Curso(codCurso, nome, codSubTipoCurso) VALUES ('084', 'Multimédia (DL 74/2004)', 'N03');
INSERT INTO Curso(codCurso, nome, codSubTipoCurso) VALUES ('085', 'Administração (DL 74/2004)', 'N03');
INSERT INTO Curso(codCurso, nome, codSubTipoCurso) VALUES ('086', 'Marketing (DL 74/2004)', 'N03');
INSERT INTO Curso(codCurso, nome, codSubTipoCurso) VALUES ('087', 'Ordenamento do Território e Ambiente (DL 74/2004)', 'N03');
INSERT INTO Curso(codCurso, nome, codSubTipoCurso) VALUES ('088', 'Ação Social (DL 74/2004)', 'N03');
INSERT INTO Curso(codCurso, nome, codSubTipoCurso) VALUES ('089', 'Desporto (DL 74/2004)', 'N03');
INSERT INTO Curso(codCurso, nome, codSubTipoCurso) VALUES ('178', 'DIDÁXIS - Química e Controlo de Qualidade (DL 286/89)', 'R23');
INSERT INTO Curso(codCurso, nome, codSubTipoCurso) VALUES ('184', 'Escola de Form. Social e Rural - Educador Social (DL 286/89)', 'R26');
INSERT INTO Curso(codCurso, nome, codSubTipoCurso) VALUES ('185', 'Salesianos do Porto - Ind. Gráf. Transf. Papel (DL 286/89)', 'R27');
INSERT INTO Curso(codCurso, nome, codSubTipoCurso) VALUES ('215', 'Ação Social - Ação Educativa (Port. 32/2005)', 'N25');
INSERT INTO Curso(codCurso, nome, codSubTipoCurso) VALUES ('216', 'Contabilidade e Administração (Port. 32/2005)', 'N25');
INSERT INTO Curso(codCurso, nome, codSubTipoCurso) VALUES ('217', 'Ação Social - Assistente de Gerontologia (Port. 32/2005)', 'N25');
INSERT INTO Curso(codCurso, nome, codSubTipoCurso) VALUES ('218', 'Design, Cerâmica e Escultura (Port. 32/2005)', 'N25');
INSERT INTO Curso(codCurso, nome, codSubTipoCurso) VALUES ('219', 'Ação Social (Port. 816/2009)', 'N25');
INSERT INTO Curso(codCurso, nome, codSubTipoCurso) VALUES ('220', 'Ens. Sec. Recorrente (Todos os Cursos Gerais e Técn.) (RUC)', 'U01');
INSERT INTO Curso(codCurso, nome, codSubTipoCurso) VALUES ('225', 'Ens. Sec. Recorrente (Todos os Cursos Gerais e Tecnológicos)', 'U01');
INSERT INTO Curso(codCurso, nome, codSubTipoCurso) VALUES ('230', 'Ens. Sec. Recorrente Particular e Coop. (Todos Cursos) (RPC)', 'U01');
INSERT INTO Curso(codCurso, nome, codSubTipoCurso) VALUES ('345', 'Profissionais de Formação Bancária (IFB)', 'P62');
INSERT INTO Curso(codCurso, nome, codSubTipoCurso) VALUES ('569', 'Educação Social (Port. 834/2009)', 'N26');
INSERT INTO Curso(codCurso, nome, codSubTipoCurso) VALUES ('571', 'Administração e Marketing (Port. 26/2005)', 'N21');
INSERT INTO Curso(codCurso, nome, codSubTipoCurso) VALUES ('572', 'Análises Químico-Biológicas (Port. 26/2005)', 'N21');
INSERT INTO Curso(codCurso, nome, codSubTipoCurso) VALUES ('573', 'Animação e Gestão Desportiva (Port. 26/2005)', 'N21');
INSERT INTO Curso(codCurso, nome, codSubTipoCurso) VALUES ('574', 'Comunicação Multimédia (Port. 26/2005)', 'N21');
INSERT INTO Curso(codCurso, nome, codSubTipoCurso) VALUES ('575', 'Contabilidade e Gestão (Port. 26/2005)', 'N21');
INSERT INTO Curso(codCurso, nome, codSubTipoCurso) VALUES ('576', 'Eletrónica Industrial e Automação (Port. 26/2005)', 'N21');
INSERT INTO Curso(codCurso, nome, codSubTipoCurso) VALUES ('577', 'Eletrónica e Telecomunicações (Port. 26/2005)', 'N21');
INSERT INTO Curso(codCurso, nome, codSubTipoCurso) VALUES ('578', 'Informática (Port. 26/2005)', 'N21');
INSERT INTO Curso(codCurso, nome, codSubTipoCurso) VALUES ('579', 'Comunicação Social (T) -Port. 38/2005', 'N28');
INSERT INTO Curso(codCurso, nome, codSubTipoCurso) VALUES ('580', 'Desenho de Projeto, Eng. e Arquitetura (T) -Port. 38/2005', 'N28');
INSERT INTO Curso(codCurso, nome, codSubTipoCurso) VALUES ('581', 'Eletrónica (T) -Port. 38/2005', 'N28');
INSERT INTO Curso(codCurso, nome, codSubTipoCurso) VALUES ('582', 'Informática de Gestão (T) -Port. 38/2005', 'N28');
INSERT INTO Curso(codCurso, nome, codSubTipoCurso) VALUES ('594', 'Produção Gráfica  (Port. 33/2005)', 'N27');
INSERT INTO Curso(codCurso, nome, codSubTipoCurso) VALUES ('595', 'Comunicação Social (CH) -Port. 38/2005', 'N28');
INSERT INTO Curso(codCurso, nome, codSubTipoCurso) VALUES ('596', 'Desenho de Projeto, Eng. e Arquitetura (CH) -Port. 38/2005', 'N28');
INSERT INTO Curso(codCurso, nome, codSubTipoCurso) VALUES ('597', 'Eletrónica (CH) -Port. 38/2005', 'N28');
INSERT INTO Curso(codCurso, nome, codSubTipoCurso) VALUES ('598', 'Informática de Gestão (CH) -Port. 38/2005', 'N28');
INSERT INTO Curso(codCurso, nome, codSubTipoCurso) VALUES ('600', 'Cursos Profissionais (DL 74/2004) (Código genérico extinto)', 'N07');
INSERT INTO Curso(codCurso, nome, codSubTipoCurso) VALUES ('602', 'Cursos Técnico-Profissionais (Todos os Cursos)', 'T01');
INSERT INTO Curso(codCurso, nome, codSubTipoCurso) VALUES ('604', 'Cursos da Via Profissionalizante do 12º Ano (Todos)', 'V01');
INSERT INTO Curso(codCurso, nome, codSubTipoCurso) VALUES ('606', 'Cursos da Via Profissionalizante dos 10º/12º Anos (Todos)', 'W01');
INSERT INTO Curso(codCurso, nome, codSubTipoCurso) VALUES ('608', 'Cursos Vocacionais (Todos os Cursos)', 'N08');
INSERT INTO Curso(codCurso, nome, codSubTipoCurso) VALUES ('610', 'Cursos de Educação e Formação (Todos os Cursos)', 'P70');
INSERT INTO Curso(codCurso, nome, codSubTipoCurso) VALUES ('667', 'Gestão e Dinamização Desportiva (Port. 817/2009)', 'N24');
INSERT INTO Curso(codCurso, nome, codSubTipoCurso) VALUES ('668', 'Química Industrial e Ambiental (Port. 49/2005)', 'N24');
INSERT INTO Curso(codCurso, nome, codSubTipoCurso) VALUES ('669', 'Informática (Port. 49/2005)', 'N24');
INSERT INTO Curso(codCurso, nome, codSubTipoCurso) VALUES ('670', 'Mecânica (Port. 817/2009)', 'N24');
INSERT INTO Curso(codCurso, nome, codSubTipoCurso) VALUES ('671', 'Design de Comunicação (Port. 49/2005)', 'N24');
INSERT INTO Curso(codCurso, nome, codSubTipoCurso) VALUES ('672', 'Contabilidade e Gestão (Port. 817/2009)', 'N24');
INSERT INTO Curso(codCurso, nome, codSubTipoCurso) VALUES ('673', 'Informática de Gestão (Port. 817/2009)', 'N24');
INSERT INTO Curso(codCurso, nome, codSubTipoCurso) VALUES ('674', 'Animação Sociocultural (Port. 817/2009)', 'N24');
INSERT INTO Curso(codCurso, nome, codSubTipoCurso) VALUES ('675', 'Comunicação, Informação e Multimédia (Port. 817/2009)', 'N24');
INSERT INTO Curso(codCurso, nome, codSubTipoCurso) VALUES ('676', 'Design de Comunicação e Multimédia (Port. 817/2009)', 'N24');
INSERT INTO Curso(codCurso, nome, codSubTipoCurso) VALUES ('677', 'Turismo Cultural e Ambiental (Port. 817/2009)', 'N24');
INSERT INTO Curso(codCurso, nome, codSubTipoCurso) VALUES ('678', 'Química Industrial e Ambiental (Port. 817/2009)', 'N24');
INSERT INTO Curso(codCurso, nome, codSubTipoCurso) VALUES ('679', 'Informática (Port. 817/2009)', 'N24');
INSERT INTO Curso(codCurso, nome, codSubTipoCurso) VALUES ('702', 'Agente de Movimento', 'P50');
INSERT INTO Curso(codCurso, nome, codSubTipoCurso) VALUES ('707', 'Estilista', 'P50');
INSERT INTO Curso(codCurso, nome, codSubTipoCurso) VALUES ('708', 'Geral Bancário', 'P50');
INSERT INTO Curso(codCurso, nome, codSubTipoCurso) VALUES ('709', 'Medidor Orçamentista', 'P50');
INSERT INTO Curso(codCurso, nome, codSubTipoCurso) VALUES ('711', 'Técnico de CAD/CAM', 'P50');
INSERT INTO Curso(codCurso, nome, codSubTipoCurso) VALUES ('712', 'Motorista Marítimo', 'P50');
INSERT INTO Curso(codCurso, nome, codSubTipoCurso) VALUES ('713', 'Ourives', 'P50');
INSERT INTO Curso(codCurso, nome, codSubTipoCurso) VALUES ('715', 'Preparador de Obras', 'P50');
INSERT INTO Curso(codCurso, nome, codSubTipoCurso) VALUES ('716', 'Rececionista de Hotel', 'P50');
INSERT INTO Curso(codCurso, nome, codSubTipoCurso) VALUES ('717', 'Rececionista de Turismo', 'P50');
INSERT INTO Curso(codCurso, nome, codSubTipoCurso) VALUES ('718', 'Refrigeração e Climatização', 'P50');
INSERT INTO Curso(codCurso, nome, codSubTipoCurso) VALUES ('719', 'Tecnologia dos Produtos de Cortiça', 'P50');
INSERT INTO Curso(codCurso, nome, codSubTipoCurso) VALUES ('720', 'Técnico Comercial de Seguros', 'P50');
INSERT INTO Curso(codCurso, nome, codSubTipoCurso) VALUES ('721', 'Técnico de Serviços Pessoais e à Comunidade', 'P50');
INSERT INTO Curso(codCurso, nome, codSubTipoCurso) VALUES ('722', 'Técnico Administrativo', 'P50');
INSERT INTO Curso(codCurso, nome, codSubTipoCurso) VALUES ('723', 'Técnico Afinador', 'P50');
INSERT INTO Curso(codCurso, nome, codSubTipoCurso) VALUES ('724', 'Técnico Colaborador de Farmácia', 'P50');
INSERT INTO Curso(codCurso, nome, codSubTipoCurso) VALUES ('725', 'Técnico Comercial', 'P50');
INSERT INTO Curso(codCurso, nome, codSubTipoCurso) VALUES ('726', 'Técnico da Qualidade', 'P50');
INSERT INTO Curso(codCurso, nome, codSubTipoCurso) VALUES ('727', 'Técnico de Alimentação e Bebidas', 'P50');
INSERT INTO Curso(codCurso, nome, codSubTipoCurso) VALUES ('728', 'Técnico de Aquicultura', 'P50');
INSERT INTO Curso(codCurso, nome, codSubTipoCurso) VALUES ('729', 'Técnico de Calçado', 'P50');
INSERT INTO Curso(codCurso, nome, codSubTipoCurso) VALUES ('730', 'Técnico de Vidro', 'P50');
INSERT INTO Curso(codCurso, nome, codSubTipoCurso) VALUES ('731', 'Técnico de Confeção', 'P50');
INSERT INTO Curso(codCurso, nome, codSubTipoCurso) VALUES ('732', 'Técnico de Construção Civil', 'P50');
INSERT INTO Curso(codCurso, nome, codSubTipoCurso) VALUES ('733', 'Técnico de Contabilidade e Gestão', 'P50');
INSERT INTO Curso(codCurso, nome, codSubTipoCurso) VALUES ('735', 'Técnico de Desenho Gráfico', 'P50');
INSERT INTO Curso(codCurso, nome, codSubTipoCurso) VALUES ('736', 'Técnico de Eletricidade de Edificações', 'P50');
INSERT INTO Curso(codCurso, nome, codSubTipoCurso) VALUES ('737', 'Técnico de Eletricidade de Manutenção', 'P50');
INSERT INTO Curso(codCurso, nome, codSubTipoCurso) VALUES ('738', 'Técnico de Eletricidade e Eletrónica Auto', 'P50');
INSERT INTO Curso(codCurso, nome, codSubTipoCurso) VALUES ('739', 'Técnico de Eletricidade Naval', 'P50');
INSERT INTO Curso(codCurso, nome, codSubTipoCurso) VALUES ('740', 'Técnico de Eletrónica', 'P50');
INSERT INTO Curso(codCurso, nome, codSubTipoCurso) VALUES ('743', 'Técnico de Fabrico de Produtos Lácteos', 'P50');
INSERT INTO Curso(codCurso, nome, codSubTipoCurso) VALUES ('745', 'Técnico de Laboratório - Fundição', 'P50');
INSERT INTO Curso(codCurso, nome, codSubTipoCurso) VALUES ('746', 'Técnico de Gestão Administrativa', 'P50');
INSERT INTO Curso(codCurso, nome, codSubTipoCurso) VALUES ('747', 'Técnico de Gestão Agrícola', 'P50');
INSERT INTO Curso(codCurso, nome, codSubTipoCurso) VALUES ('748', 'Técnico de Gestão de Energia', 'P50');
INSERT INTO Curso(codCurso, nome, codSubTipoCurso) VALUES ('750', 'Técnico de Gestão Pecuária', 'P50');
INSERT INTO Curso(codCurso, nome, codSubTipoCurso) VALUES ('751', 'Técnico de Gestão/Pescas', 'P50');
INSERT INTO Curso(codCurso, nome, codSubTipoCurso) VALUES ('752', 'Técnico de Indústrias Gráficas', 'P50');
INSERT INTO Curso(codCurso, nome, codSubTipoCurso) VALUES ('753', 'Técnico de Informática', 'P50');
INSERT INTO Curso(codCurso, nome, codSubTipoCurso) VALUES ('754', 'Técnico de Instrumentação', 'P50');
INSERT INTO Curso(codCurso, nome, codSubTipoCurso) VALUES ('755', 'Técnico de Laboratório', 'P50');
INSERT INTO Curso(codCurso, nome, codSubTipoCurso) VALUES ('756', 'Técnico de Desenho de Mobiliário e Construções em Madeira', 'P50');
INSERT INTO Curso(codCurso, nome, codSubTipoCurso) VALUES ('757', 'Técnico de Malhas - Máquinas de Peúgas e Meias e Seamless', 'P50');
INSERT INTO Curso(codCurso, nome, codSubTipoCurso) VALUES ('763', 'Técnico de Modelação de Confeção', 'P50');
INSERT INTO Curso(codCurso, nome, codSubTipoCurso) VALUES ('764', 'Técnico de Secretariado', 'P50');
INSERT INTO Curso(codCurso, nome, codSubTipoCurso) VALUES ('765', 'Técnico de Seguros', 'P50');
INSERT INTO Curso(codCurso, nome, codSubTipoCurso) VALUES ('766', 'Técnico de Sistemas Energéticos', 'P50');
INSERT INTO Curso(codCurso, nome, codSubTipoCurso) VALUES ('767', 'Técnico de Tecelagem', 'P50');
INSERT INTO Curso(codCurso, nome, codSubTipoCurso) VALUES ('768', 'Técnico de Tinturaria e Estamparia', 'P50');
INSERT INTO Curso(codCurso, nome, codSubTipoCurso) VALUES ('769', 'Técnico de Transformação de Produtos Alimentares', 'P50');
INSERT INTO Curso(codCurso, nome, codSubTipoCurso) VALUES ('770', 'Técnico de Transportes', 'P50');
INSERT INTO Curso(codCurso, nome, codSubTipoCurso) VALUES ('771', 'Técnico Florestal', 'P50');
INSERT INTO Curso(codCurso, nome, codSubTipoCurso) VALUES ('773', 'Técnico Intermédio de Desenho de Construções Mecânicas', 'P50');
INSERT INTO Curso(codCurso, nome, codSubTipoCurso) VALUES ('774', 'Técnico de Desenho de Moldes', 'P50');
INSERT INTO Curso(codCurso, nome, codSubTipoCurso) VALUES ('775', 'Técnico Intermédio de Manutenção Eletromecânica', 'P50');
INSERT INTO Curso(codCurso, nome, codSubTipoCurso) VALUES ('776', 'Técnico Intermédio de Manutenção Mecânica', 'P50');
INSERT INTO Curso(codCurso, nome, codSubTipoCurso) VALUES ('777', 'Técnico de Maquinação e Programação CNC', 'P50');
INSERT INTO Curso(codCurso, nome, codSubTipoCurso) VALUES ('778', 'Técnico de Agências de Viagens e Transportes', 'P50');
INSERT INTO Curso(codCurso, nome, codSubTipoCurso) VALUES ('779', 'Técnico Topógrafo', 'P50');
INSERT INTO Curso(codCurso, nome, codSubTipoCurso) VALUES ('780', 'Técnico Vitivinícola', 'P50');
INSERT INTO Curso(codCurso, nome, codSubTipoCurso) VALUES ('782', 'Técnico de Manutenção Industrial (Eletromecânica)', 'P50');
INSERT INTO Curso(codCurso, nome, codSubTipoCurso) VALUES ('783', 'Técn. Apoio à Clínica Dentária e Eletrom. Equip. Méd. Dent.', 'P50');
INSERT INTO Curso(codCurso, nome, codSubTipoCurso) VALUES ('784', 'Técnico Administrativo de Seguros', 'P50');
INSERT INTO Curso(codCurso, nome, codSubTipoCurso) VALUES ('785', 'Técnico de Manutenção Industrial (Mecatrónica)', 'P50');
INSERT INTO Curso(codCurso, nome, codSubTipoCurso) VALUES ('786', 'Técnico de Informação, Documentação e Comunicação', 'P50');
INSERT INTO Curso(codCurso, nome, codSubTipoCurso) VALUES ('787', 'Técnico de Joalharia/Cravador', 'P50');
INSERT INTO Curso(codCurso, nome, codSubTipoCurso) VALUES ('788', 'Técnico de Ourivesaria', 'P50');
INSERT INTO Curso(codCurso, nome, codSubTipoCurso) VALUES ('789', 'Técnico de Relações Laborais', 'P50');
INSERT INTO Curso(codCurso, nome, codSubTipoCurso) VALUES ('790', 'Técnico de Manutenção Industrial (Metalurgia e Metalomecân.)', 'P50');
INSERT INTO Curso(codCurso, nome, codSubTipoCurso) VALUES ('791', 'Técnico de Projeto de Moldes e Modelos - Fundição', 'P50');
INSERT INTO Curso(codCurso, nome, codSubTipoCurso) VALUES ('792', 'Técnico Instalador de Sistemas de Bioenergia', 'P50');
INSERT INTO Curso(codCurso, nome, codSubTipoCurso) VALUES ('793', 'Técnico Instalador de Sistemas Eólicos', 'P50');
INSERT INTO Curso(codCurso, nome, codSubTipoCurso) VALUES ('794', 'Técnico Instalador de Sistemas Solares Fotovoltaicos', 'P50');
INSERT INTO Curso(codCurso, nome, codSubTipoCurso) VALUES ('795', 'Técnico Instalador de Sistemas Solares Térmicos', 'P50');
INSERT INTO Curso(codCurso, nome, codSubTipoCurso) VALUES ('796', 'Modelista de Vestuário', 'P50');
INSERT INTO Curso(codCurso, nome, codSubTipoCurso) VALUES ('810', 'Agrupamento 1 / Geral', 'R01');
INSERT INTO Curso(codCurso, nome, codSubTipoCurso) VALUES ('811', 'Agrupamento 1 / Construção Civil', 'R01');
INSERT INTO Curso(codCurso, nome, codSubTipoCurso) VALUES ('812', 'Agrupamento 1 / Eletrotecnia/Eletrónica', 'R01');
INSERT INTO Curso(codCurso, nome, codSubTipoCurso) VALUES ('813', 'Agrupamento 1 / Informática', 'R01');
INSERT INTO Curso(codCurso, nome, codSubTipoCurso) VALUES ('814', 'Agrupamento 1 / Mecânica', 'R01');
INSERT INTO Curso(codCurso, nome, codSubTipoCurso) VALUES ('815', 'Agrupamento 1 / Química', 'R01');
INSERT INTO Curso(codCurso, nome, codSubTipoCurso) VALUES ('820', 'Agrupamento 2 / Geral', 'R01');
INSERT INTO Curso(codCurso, nome, codSubTipoCurso) VALUES ('821', 'Agrupamento 2 / Design', 'R01');
INSERT INTO Curso(codCurso, nome, codSubTipoCurso) VALUES ('822', 'Agrupamento 2 / Artes e Ofícios', 'R01');
INSERT INTO Curso(codCurso, nome, codSubTipoCurso) VALUES ('830', 'Agrupamento 3 / Geral', 'R01');
INSERT INTO Curso(codCurso, nome, codSubTipoCurso) VALUES ('831', 'Agrupamento 3 / Administração', 'R01');
INSERT INTO Curso(codCurso, nome, codSubTipoCurso) VALUES ('832', 'Agrupamento 3 / Serviços Comerciais', 'R01');
INSERT INTO Curso(codCurso, nome, codSubTipoCurso) VALUES ('840', 'Agrupamento 4 / Geral', 'R01');
INSERT INTO Curso(codCurso, nome, codSubTipoCurso) VALUES ('841', 'Agrupamento 4 / Comunicação', 'R01');
INSERT INTO Curso(codCurso, nome, codSubTipoCurso) VALUES ('842', 'Agrupamento 4 / Animação Social', 'R01');
INSERT INTO Curso(codCurso, nome, codSubTipoCurso) VALUES ('845', 'Complementar/Secundário de Música (Decreto-Lei n.º 286/89)', 'R04');
INSERT INTO Curso(codCurso, nome, codSubTipoCurso) VALUES ('846', 'Complementar/Secundário de Dança (Decreto-Lei n.º 286/89)', 'R04');
INSERT INTO Curso(codCurso, nome, codSubTipoCurso) VALUES ('847', 'Dança - Formação de Bailarinos (Decreto-Lei n.º 286/89)', 'R04');
INSERT INTO Curso(codCurso, nome, codSubTipoCurso) VALUES ('870', 'Grande Colégio Universal - Técn. Ação Educativa (DL 286/89)', 'R31');
INSERT INTO Curso(codCurso, nome, codSubTipoCurso) VALUES ('877', 'Recorrente por Blocos Capitalizáveis / Ciências Exatas', 'R80');
INSERT INTO Curso(codCurso, nome, codSubTipoCurso) VALUES ('878', 'Recorrente por Blocos Capitalizáveis / Ciências Humanas', 'R80');
INSERT INTO Curso(codCurso, nome, codSubTipoCurso) VALUES ('900', 'Emigrantes', 'Q01');
INSERT INTO Curso(codCurso, nome, codSubTipoCurso) VALUES ('901', '1.º Curso (Despacho 64)', 'E64');
INSERT INTO Curso(codCurso, nome, codSubTipoCurso) VALUES ('902', '2.º Curso (Despacho 64)', 'E64');
INSERT INTO Curso(codCurso, nome, codSubTipoCurso) VALUES ('903', '3.º Curso (Despacho 64)', 'E64');
INSERT INTO Curso(codCurso, nome, codSubTipoCurso) VALUES ('904', '4.º Curso (Despacho 64)', 'E64');
INSERT INTO Curso(codCurso, nome, codSubTipoCurso) VALUES ('905', '5.º Curso (Despacho 64)', 'E64');
INSERT INTO Curso(codCurso, nome, codSubTipoCurso) VALUES ('910', 'Cursos CET - Decreto-Lei nº 88/2006 (Todos os cursos)', 'Q01');
INSERT INTO Curso(codCurso, nome, codSubTipoCurso) VALUES ('940', 'Escolas Estrangeiras em Portugal', 'Q01');
INSERT INTO Curso(codCurso, nome, codSubTipoCurso) VALUES ('950', 'Equivalências Estrangeiras (Decreto-Lei n.º 227/2005)', 'Q01');
INSERT INTO Curso(codCurso, nome, codSubTipoCurso) VALUES ('960', 'Equivalências Nacionais (Desp. n.º 6649/2005)', 'Q01');
INSERT INTO Curso(codCurso, nome, codSubTipoCurso) VALUES ('964', 'Dec.-Lei 357/2007 (n.º 1 do artigo 6.º - Via escolar)', 'Q01');
INSERT INTO Curso(codCurso, nome, codSubTipoCurso) VALUES ('965', 'Dec.-Lei 357/2007 (n.º 2 do art. 6.º - Módulos de formação)', 'Q01');
INSERT INTO Curso(codCurso, nome, codSubTipoCurso) VALUES ('966', 'Cursos EFA, Formações Modulares, RVCC (Todos os Cursos)', 'Q01');
INSERT INTO Curso(codCurso, nome, codSubTipoCurso) VALUES ('970', 'Recorrente - Ciências e Tecnologias (DL 74/2004)', 'N04');
INSERT INTO Curso(codCurso, nome, codSubTipoCurso) VALUES ('971', 'Recorrente - Ciências Socioeconómicas (DL 74/2004)', 'N04');
INSERT INTO Curso(codCurso, nome, codSubTipoCurso) VALUES ('972', 'Recorrente - Ciências Sociais e Humanas (DL 74/2004)', 'N04');
INSERT INTO Curso(codCurso, nome, codSubTipoCurso) VALUES ('973', 'Recorrente - Línguas e Literaturas (DL 74/2004)', 'N04');
INSERT INTO Curso(codCurso, nome, codSubTipoCurso) VALUES ('974', 'Recorrente - Artes Visuais (DL 74/2004)', 'N04');
INSERT INTO Curso(codCurso, nome, codSubTipoCurso) VALUES ('975', 'Recorrente - Construção Civil e Edificações (DL 74/2004)', 'N05');
INSERT INTO Curso(codCurso, nome, codSubTipoCurso) VALUES ('976', 'Recorrente - Eletrotecnia e Eletrónica (DL 74/2004)', 'N05');
INSERT INTO Curso(codCurso, nome, codSubTipoCurso) VALUES ('977', 'Recorrente - Informática (DL 74/2004)', 'N05');
INSERT INTO Curso(codCurso, nome, codSubTipoCurso) VALUES ('978', 'Recorrente - Design de Equipamento (DL 74/2004)', 'N05');
INSERT INTO Curso(codCurso, nome, codSubTipoCurso) VALUES ('979', 'Recorrente - Multimédia (DL 74/2004)', 'N05');
INSERT INTO Curso(codCurso, nome, codSubTipoCurso) VALUES ('980', 'Recorrente - Administração (DL 74/2004)', 'N05');
INSERT INTO Curso(codCurso, nome, codSubTipoCurso) VALUES ('981', 'Recorrente - Marketing (DL 74/2004)', 'N05');
INSERT INTO Curso(codCurso, nome, codSubTipoCurso) VALUES ('982', 'Recorrente - Orden. do Território e Ambiente (DL 74/2004)', 'N05');
INSERT INTO Curso(codCurso, nome, codSubTipoCurso) VALUES ('983', 'Recorrente - Ação Social (DL 74/2004)', 'N05');
INSERT INTO Curso(codCurso, nome, codSubTipoCurso) VALUES ('984', 'Recorrente - Desporto (DL 74/2004)', 'N05');
INSERT INTO Curso(codCurso, nome, codSubTipoCurso) VALUES ('985', 'Recorrente - Comunicação Audiovisual (DL 74/2004)', 'N06');
INSERT INTO Curso(codCurso, nome, codSubTipoCurso) VALUES ('986', 'Recorrente - Design de Comunicação (DL 74/2004)', 'N06');
INSERT INTO Curso(codCurso, nome, codSubTipoCurso) VALUES ('987', 'Recorrente - Design de Produto (DL 74/2004)', 'N06');
INSERT INTO Curso(codCurso, nome, codSubTipoCurso) VALUES ('988', 'Recorrente - Produção Artística (DL 74/2004)', 'N06');
INSERT INTO Curso(codCurso, nome, codSubTipoCurso) VALUES ('991', 'Área de Ciências e Saúde (Col. Carvalhos)', 'N20');
INSERT INTO Curso(codCurso, nome, codSubTipoCurso) VALUES ('992', 'Área de Ciências e Tecnologias (Col Carvalhos)', 'N20');
INSERT INTO Curso(codCurso, nome, codSubTipoCurso) VALUES ('993', 'Área de Ciências Económicas (Col Carvalhos)', 'N20');
INSERT INTO Curso(codCurso, nome, codSubTipoCurso) VALUES ('994', 'Área de Ciências S. e Humanas (Col Carvalhos)', 'N20');
INSERT INTO Curso(codCurso, nome, codSubTipoCurso) VALUES ('995', 'Área de Artes Gráficas (Col Carvalhos)', 'N20');
INSERT INTO Curso(codCurso, nome, codSubTipoCurso) VALUES ('996', 'Administração (INA) (Port. 37/2005)', 'N22');
INSERT INTO Curso(codCurso, nome, codSubTipoCurso) VALUES ('997', 'Informática (INA) (Port. 37/2005)', 'N22');
INSERT INTO Curso(codCurso, nome, codSubTipoCurso) VALUES ('A01', 'Química, Ambiente e Qualidade (VC) (Port. 941/2009)', 'N20');
INSERT INTO Curso(codCurso, nome, codSubTipoCurso) VALUES ('A02', 'Química, Ambiente e Qualidade (VCT) (Port. 941/2009)', 'N20');
INSERT INTO Curso(codCurso, nome, codSubTipoCurso) VALUES ('A03', 'Biotecnologia (VC) (Port. 941/2009)', 'N20');
INSERT INTO Curso(codCurso, nome, codSubTipoCurso) VALUES ('A04', 'Biotecnologia (VCT) (Port. 941/2009)', 'N20');
INSERT INTO Curso(codCurso, nome, codSubTipoCurso) VALUES ('A05', 'Animação Sociodesportiva (VC) (Port. 941/2009)', 'N20');
INSERT INTO Curso(codCurso, nome, codSubTipoCurso) VALUES ('A06', 'Animação Sociodesportiva (VCT) (Port. 941/2009)', 'N20');
INSERT INTO Curso(codCurso, nome, codSubTipoCurso) VALUES ('A07', 'Eletrotecnia e Automação (VC) (Port. 941/2009)', 'N20');
INSERT INTO Curso(codCurso, nome, codSubTipoCurso) VALUES ('A08', 'Eletrotecnia e Automação (VCT) (Port. 941/2009)', 'N20');
INSERT INTO Curso(codCurso, nome, codSubTipoCurso) VALUES ('A09', 'Eletrónica e Telecomunicações (VC) (Port. 941/2009)', 'N20');
INSERT INTO Curso(codCurso, nome, codSubTipoCurso) VALUES ('A10', 'Eletrónica e Telecomunicações (VCT) (Port. 941/2009)', 'N20');
INSERT INTO Curso(codCurso, nome, codSubTipoCurso) VALUES ('A11', 'Informática (VC) (Port. 941/2009)', 'N20');
INSERT INTO Curso(codCurso, nome, codSubTipoCurso) VALUES ('A12', 'Informática (VCT) (Port. 941/2009)', 'N20');
INSERT INTO Curso(codCurso, nome, codSubTipoCurso) VALUES ('A13', 'Contabilidade e Gestão (VC) (Port. 941/2009)', 'N20');
INSERT INTO Curso(codCurso, nome, codSubTipoCurso) VALUES ('A14', 'Contabilidade e Gestão (VCT) (Port. 941/2009)', 'N20');
INSERT INTO Curso(codCurso, nome, codSubTipoCurso) VALUES ('A15', 'Informática de Gestão (VC) (Port. 941/2009)', 'N20');
INSERT INTO Curso(codCurso, nome, codSubTipoCurso) VALUES ('A16', 'Informática de Gestão (VCT) (Port. 941/2009)', 'N20');
INSERT INTO Curso(codCurso, nome, codSubTipoCurso) VALUES ('A17', 'Marketing e Estratégia Empresarial (VC) (Port. 941/2009)', 'N20');
INSERT INTO Curso(codCurso, nome, codSubTipoCurso) VALUES ('A18', 'Marketing e Estratégia Empresarial (VCT) (Port. 941/2009)', 'N20');
INSERT INTO Curso(codCurso, nome, codSubTipoCurso) VALUES ('A19', 'Línguas e Relações Empresariais (VC) (Port. 941/2009)', 'N20');
INSERT INTO Curso(codCurso, nome, codSubTipoCurso) VALUES ('A20', 'Línguas e Relações Empresariais (VCT) (Port. 941/2009)', 'N20');
INSERT INTO Curso(codCurso, nome, codSubTipoCurso) VALUES ('A21', 'Assessoria Jurídica e Documentação (VC) (Port. 941/2009)', 'N20');
INSERT INTO Curso(codCurso, nome, codSubTipoCurso) VALUES ('A22', 'Assessoria Jurídica e Documentação (VCT) (Port. 941/2009)', 'N20');
INSERT INTO Curso(codCurso, nome, codSubTipoCurso) VALUES ('A23', 'Património e Turismo (VC) (Port. 941/2009)', 'N20');
INSERT INTO Curso(codCurso, nome, codSubTipoCurso) VALUES ('A24', 'Património e Turismo (VCT) (Port. 941/2009)', 'N20');
INSERT INTO Curso(codCurso, nome, codSubTipoCurso) VALUES ('A25', 'Artes e Indústrias Gráficas (VC) (Port. 941/2009)', 'N20');
INSERT INTO Curso(codCurso, nome, codSubTipoCurso) VALUES ('A26', 'Artes e Indústrias Gráficas (VCT) (Port. 941/2009)', 'N20');
INSERT INTO Curso(codCurso, nome, codSubTipoCurso) VALUES ('A30', 'Conservação e Restauro do Património (Port. 836/2004)', 'N30');
INSERT INTO Curso(codCurso, nome, codSubTipoCurso) VALUES ('A31', 'Imagem Interativa (Port. 836/2004)', 'N30');
INSERT INTO Curso(codCurso, nome, codSubTipoCurso) VALUES ('A32', 'Desenho de Arquitetura (Port. 836/2004)', 'N30');
INSERT INTO Curso(codCurso, nome, codSubTipoCurso) VALUES ('A40', 'Recorrente por Blocos Capitalizáveis / Ciências Exatas', 'N80');
INSERT INTO Curso(codCurso, nome, codSubTipoCurso) VALUES ('A42', 'Recorrente por Blocos Capitalizáveis / Ciências Humanas', 'N80');
INSERT INTO Curso(codCurso, nome, codSubTipoCurso) VALUES ('A50', 'Desenhador de Projetos - Arquitetura e Eng. (Port. 960/2009)', 'N21');
INSERT INTO Curso(codCurso, nome, codSubTipoCurso) VALUES ('A51', 'Tecnologias e Sistemas de Informação (Port. 960/2009)', 'N21');
INSERT INTO Curso(codCurso, nome, codSubTipoCurso) VALUES ('A52', 'Análises Químico-Biológicas (Port. 960/2009)', 'N21');
INSERT INTO Curso(codCurso, nome, codSubTipoCurso) VALUES ('A53', 'Animação e Gestão Desportiva (Port. 960/2009)', 'N21');
INSERT INTO Curso(codCurso, nome, codSubTipoCurso) VALUES ('A54', 'Eletrónica Industrial e Automação (Port. 960/2009)', 'N21');
INSERT INTO Curso(codCurso, nome, codSubTipoCurso) VALUES ('A55', 'Eletrónica e Telecomunicações (Port. 960/2009)', 'N21');
INSERT INTO Curso(codCurso, nome, codSubTipoCurso) VALUES ('A56', 'Informática e Tecnologias Multimédia (Port. 960/2009)', 'N21');
INSERT INTO Curso(codCurso, nome, codSubTipoCurso) VALUES ('A57', 'Contabilidade e Gestão Empresarial (Port. 960/2009)', 'N21');
INSERT INTO Curso(codCurso, nome, codSubTipoCurso) VALUES ('A58', 'Administração e Marketing (Port. 960/2009)', 'N21');
INSERT INTO Curso(codCurso, nome, codSubTipoCurso) VALUES ('A59', 'Comunicação Multimédia (Port. 960/2009)', 'N21');
INSERT INTO Curso(codCurso, nome, codSubTipoCurso) VALUES ('A60', 'Ciências - Via A', 'N40');
INSERT INTO Curso(codCurso, nome, codSubTipoCurso) VALUES ('A61', 'Ciências - Via B', 'N40');
INSERT INTO Curso(codCurso, nome, codSubTipoCurso) VALUES ('A62', 'Humanidades - Via A', 'N40');
INSERT INTO Curso(codCurso, nome, codSubTipoCurso) VALUES ('A63', 'Humanidades - Via B', 'N40');
INSERT INTO Curso(codCurso, nome, codSubTipoCurso) VALUES ('A64', 'Artes - Via A', 'N40');
INSERT INTO Curso(codCurso, nome, codSubTipoCurso) VALUES ('A65', 'Artes - Via B', 'N40');
INSERT INTO Curso(codCurso, nome, codSubTipoCurso) VALUES ('A70', 'Desenho de Projeto Eng. e Arquitetura (CH) -Port. 814/2009', 'N28');
INSERT INTO Curso(codCurso, nome, codSubTipoCurso) VALUES ('A71', 'Desenho de Projeto Eng. e Arquitetura (T) -Port. 814/2009', 'N28');
INSERT INTO Curso(codCurso, nome, codSubTipoCurso) VALUES ('A72', 'Informática de Gestão (CH) -Port. 814/2009', 'N28');
INSERT INTO Curso(codCurso, nome, codSubTipoCurso) VALUES ('A73', 'Informática de Gestão (T) -Port. 814/2009', 'N28');
INSERT INTO Curso(codCurso, nome, codSubTipoCurso) VALUES ('A74', 'Eletrónica e Computadores (CH) -Port. 814/2009', 'N28');
INSERT INTO Curso(codCurso, nome, codSubTipoCurso) VALUES ('A75', 'Eletrónica e Computadores (T) -Port. 814/2009', 'N28');
INSERT INTO Curso(codCurso, nome, codSubTipoCurso) VALUES ('A76', 'Comunicação Social (CH) -Port. 814/2009', 'N28');
INSERT INTO Curso(codCurso, nome, codSubTipoCurso) VALUES ('A77', 'Comunicação Social (T) -Port. 814/2009', 'N28');
INSERT INTO Curso(codCurso, nome, codSubTipoCurso) VALUES ('A78', 'Produção Gráfica  (Port. 815/2009)', 'N27');
INSERT INTO Curso(codCurso, nome, codSubTipoCurso) VALUES ('A79', 'Energias Renováveis (Port. 815/2009)', 'N27');
INSERT INTO Curso(codCurso, nome, codSubTipoCurso) VALUES ('C60', 'Ciências e Tecnologias', 'N01');
INSERT INTO Curso(codCurso, nome, codSubTipoCurso) VALUES ('C61', 'Ciências Socioeconómicas', 'N01');
INSERT INTO Curso(codCurso, nome, codSubTipoCurso) VALUES ('C62', 'Línguas e Humanidades', 'N01');
INSERT INTO Curso(codCurso, nome, codSubTipoCurso) VALUES ('C64', 'Artes Visuais', 'N01');
INSERT INTO Curso(codCurso, nome, codSubTipoCurso) VALUES ('C70', 'Comunicação Audiovisual', 'N02');
INSERT INTO Curso(codCurso, nome, codSubTipoCurso) VALUES ('C71', 'Design de Comunicação', 'N02');
INSERT INTO Curso(codCurso, nome, codSubTipoCurso) VALUES ('C72', 'Design de Produto', 'N02');
INSERT INTO Curso(codCurso, nome, codSubTipoCurso) VALUES ('C73', 'Produção Artística', 'N02');
INSERT INTO Curso(codCurso, nome, codSubTipoCurso) VALUES ('C75', 'Secundário de Dança', 'N02');
INSERT INTO Curso(codCurso, nome, codSubTipoCurso) VALUES ('C76', 'Secundário de Música', 'N02');
INSERT INTO Curso(codCurso, nome, codSubTipoCurso) VALUES ('C77', 'Secundário de Canto', 'N02');
INSERT INTO Curso(codCurso, nome, codSubTipoCurso) VALUES ('C78', 'Secundário de Canto Gregoriano', 'N02');
INSERT INTO Curso(codCurso, nome, codSubTipoCurso) VALUES ('C80', 'Recorrente - Ciências e Tecnologias', 'N04');
INSERT INTO Curso(codCurso, nome, codSubTipoCurso) VALUES ('C81', 'Recorrente - Ciências Socioeconómicas', 'N04');
INSERT INTO Curso(codCurso, nome, codSubTipoCurso) VALUES ('C82', 'Recorrente - Línguas e Humanidades', 'N04');
INSERT INTO Curso(codCurso, nome, codSubTipoCurso) VALUES ('C84', 'Recorrente - Artes Visuais', 'N04');
INSERT INTO Curso(codCurso, nome, codSubTipoCurso) VALUES ('F60', 'Ciências e Tecnologias', 'N01');
INSERT INTO Curso(codCurso, nome, codSubTipoCurso) VALUES ('F61', 'Ciências Socioeconómicas', 'N01');
INSERT INTO Curso(codCurso, nome, codSubTipoCurso) VALUES ('F62', 'Línguas e Humanidades', 'N01');
INSERT INTO Curso(codCurso, nome, codSubTipoCurso) VALUES ('F64', 'Artes Visuais', 'N01');
INSERT INTO Curso(codCurso, nome, codSubTipoCurso) VALUES ('F70', 'Comunicação Audiovisual', 'N02');
INSERT INTO Curso(codCurso, nome, codSubTipoCurso) VALUES ('F71', 'Design de Comunicação', 'N02');
INSERT INTO Curso(codCurso, nome, codSubTipoCurso) VALUES ('F72', 'Design de Produto', 'N02');
INSERT INTO Curso(codCurso, nome, codSubTipoCurso) VALUES ('F73', 'Produção Artística', 'N02');
INSERT INTO Curso(codCurso, nome, codSubTipoCurso) VALUES ('F75', 'Secundário de Dança', 'N02');
INSERT INTO Curso(codCurso, nome, codSubTipoCurso) VALUES ('F76', 'Secundário de Música', 'N02');
INSERT INTO Curso(codCurso, nome, codSubTipoCurso) VALUES ('F77', 'Secundário de Canto', 'N02');
INSERT INTO Curso(codCurso, nome, codSubTipoCurso) VALUES ('F78', 'Secundário de Canto Gregoriano', 'N02');
INSERT INTO Curso(codCurso, nome, codSubTipoCurso) VALUES ('G01', 'Animação Sócio Desportiva (VC) (Portaria n.º 260/2013)', 'N50');
INSERT INTO Curso(codCurso, nome, codSubTipoCurso) VALUES ('G02', 'Artes Gráficas (VC) (Portaria n.º 260/2013)', 'N50');
INSERT INTO Curso(codCurso, nome, codSubTipoCurso) VALUES ('G03', 'Assessoria Jurídica e Documentação (VC) (Port. 260/2013)', 'N50');
INSERT INTO Curso(codCurso, nome, codSubTipoCurso) VALUES ('G04', 'Biotecnologia (VC) (Portaria n.º 260/2013)', 'N50');
INSERT INTO Curso(codCurso, nome, codSubTipoCurso) VALUES ('G05', 'Contabilidade e Gestão (VC) (Portaria n.º 260/2013)', 'N50');
INSERT INTO Curso(codCurso, nome, codSubTipoCurso) VALUES ('G06', 'Eletrónica e Telecomunicações (VC) (Portaria n.º 260/2013)', 'N50');
INSERT INTO Curso(codCurso, nome, codSubTipoCurso) VALUES ('G07', 'Eletrotecnia e Automação (VC) (Portaria n.º 260/2013)', 'N50');
INSERT INTO Curso(codCurso, nome, codSubTipoCurso) VALUES ('G08', 'Informática (VC) (Portaria n.º 260/2013)', 'N50');
INSERT INTO Curso(codCurso, nome, codSubTipoCurso) VALUES ('G09', 'Informática e Gestão (VC) (Portaria n.º 260/2013)', 'N50');
INSERT INTO Curso(codCurso, nome, codSubTipoCurso) VALUES ('G10', 'Línguas e Relações Empresariais (VC) (Portaria n.º 260/2013)', 'N50');
INSERT INTO Curso(codCurso, nome, codSubTipoCurso) VALUES ('G11', 'Marketing e Estratégia Empresarial (VC) (Port. 260/2013)', 'N50');
INSERT INTO Curso(codCurso, nome, codSubTipoCurso) VALUES ('G12', 'Património e Turismo (VC) (Portaria n.º 260/2013)', 'N50');
INSERT INTO Curso(codCurso, nome, codSubTipoCurso) VALUES ('G13', 'Química, Ambiente e Qualidade (VC) (Portaria n.º 260/2013)', 'N50');
INSERT INTO Curso(codCurso, nome, codSubTipoCurso) VALUES ('G14', 'Animação Sócio Desportiva (VT) (Portaria n.º 260/2013)', 'N51');
INSERT INTO Curso(codCurso, nome, codSubTipoCurso) VALUES ('G15', 'Artes Gráficas (VT) (Portaria n.º 260/2013)', 'N51');
INSERT INTO Curso(codCurso, nome, codSubTipoCurso) VALUES ('G16', 'Assessoria Jurídica e Documentação (VT) (Port. 260/2013)', 'N51');
INSERT INTO Curso(codCurso, nome, codSubTipoCurso) VALUES ('G17', 'Biotecnologia (VT) (Portaria n.º 260/2013)', 'N51');
INSERT INTO Curso(codCurso, nome, codSubTipoCurso) VALUES ('G18', 'Contabilidade e Gestão (VT) (Portaria n.º 260/2013)', 'N51');
INSERT INTO Curso(codCurso, nome, codSubTipoCurso) VALUES ('G19', 'Eletrónica e Telecomunicações (VT) (Portaria n.º 260/2013)', 'N51');
INSERT INTO Curso(codCurso, nome, codSubTipoCurso) VALUES ('G20', 'Eletrotecnia e Automação (VT) (Portaria n.º 260/2013)', 'N51');
INSERT INTO Curso(codCurso, nome, codSubTipoCurso) VALUES ('G21', 'Informática (VT) (Portaria n.º 260/2013)', 'N51');
INSERT INTO Curso(codCurso, nome, codSubTipoCurso) VALUES ('G22', 'Informática e Gestão (VT) (Portaria n.º 260/2013)', 'N51');
INSERT INTO Curso(codCurso, nome, codSubTipoCurso) VALUES ('G23', 'Línguas e Relações Empresariais (VT) (Portaria n.º 260/2013)', 'N51');
INSERT INTO Curso(codCurso, nome, codSubTipoCurso) VALUES ('G24', 'Marketing e Estratégia Empresarial (VT) (Port. 260/2013)', 'N51');
INSERT INTO Curso(codCurso, nome, codSubTipoCurso) VALUES ('G25', 'Património e Turismo (VT) (Portaria n.º 260/2013)', 'N51');
INSERT INTO Curso(codCurso, nome, codSubTipoCurso) VALUES ('G26', 'Química, Ambiente e Qualidade (VT) (Portaria n.º 260/2013)', 'N51');
INSERT INTO Curso(codCurso, nome, codSubTipoCurso) VALUES ('G27', 'Administração e Marketing (Portaria n.º 262/2013)', 'N52');
INSERT INTO Curso(codCurso, nome, codSubTipoCurso) VALUES ('G28', 'Análises Químico-Biológicas (Portaria n.º 262/2013)', 'N52');
INSERT INTO Curso(codCurso, nome, codSubTipoCurso) VALUES ('G29', 'Animação e Gestão Desportiva (Portaria n.º 262/2013)', 'N52');
INSERT INTO Curso(codCurso, nome, codSubTipoCurso) VALUES ('G30', 'Comunicação Multimédia (Portaria n.º 262/2013)', 'N52');
INSERT INTO Curso(codCurso, nome, codSubTipoCurso) VALUES ('G31', 'Contabilidade e Gestão Empresarial (Portaria n.º 262/2013)', 'N52');
INSERT INTO Curso(codCurso, nome, codSubTipoCurso) VALUES ('G32', 'Desenhador de Projetos - Arquitetura e Eng. (Port. 262/2013)', 'N52');
INSERT INTO Curso(codCurso, nome, codSubTipoCurso) VALUES ('G33', 'Eletrónica e Telecomunicações (Portaria n.º 262/2013)', 'N52');
INSERT INTO Curso(codCurso, nome, codSubTipoCurso) VALUES ('G34', 'Eletrónica Industrial e Automação (Portaria n.º 262/2013)', 'N52');
INSERT INTO Curso(codCurso, nome, codSubTipoCurso) VALUES ('G35', 'Informática e Tecnologias Multimédia (Portaria n.º 262/2013)', 'N52');
INSERT INTO Curso(codCurso, nome, codSubTipoCurso) VALUES ('G36', 'Produção Controlo Industrial (Portaria n.º 262/2013)', 'N52');
INSERT INTO Curso(codCurso, nome, codSubTipoCurso) VALUES ('G37', 'Tecnologia e Segurança Alimentar (Portaria n.º 262/2013)', 'N52');
INSERT INTO Curso(codCurso, nome, codSubTipoCurso) VALUES ('G38', 'Tecnologias da Saúde (Portaria n.º 262/2013)', 'N52');
INSERT INTO Curso(codCurso, nome, codSubTipoCurso) VALUES ('G39', 'Tecnologias e Sistemas de Informação (Portaria n.º 262/2013)', 'N52');
INSERT INTO Curso(codCurso, nome, codSubTipoCurso) VALUES ('G40', 'Conservação e Restauro do Património (Portaria n.º 42/2014)', 'N53');
INSERT INTO Curso(codCurso, nome, codSubTipoCurso) VALUES ('G41', 'Desenho de Arquitetura (Portaria n.º 42/2014)', 'N53');
INSERT INTO Curso(codCurso, nome, codSubTipoCurso) VALUES ('G42', 'Imagem Interativa (Portaria n.º 42/2014)', 'N53');
INSERT INTO Curso(codCurso, nome, codSubTipoCurso) VALUES ('G43', 'Animação Sociocultural (Portaria n.º 265/2013)', 'N54');
INSERT INTO Curso(codCurso, nome, codSubTipoCurso) VALUES ('G44', 'Biotecnologia Aplicada (Portaria n.º 265/2013)', 'N54');
INSERT INTO Curso(codCurso, nome, codSubTipoCurso) VALUES ('G45', 'Comunicação e Produção Multimédia (Portaria n.º 265/2013)', 'N54');
INSERT INTO Curso(codCurso, nome, codSubTipoCurso) VALUES ('G46', 'Consultadoria em Sistemas de Informação (Port. 265/2013)', 'N54');
INSERT INTO Curso(codCurso, nome, codSubTipoCurso) VALUES ('G47', 'Contabilidade e Empreendedorismo (Portaria n.º 265/2013)', 'N54');
INSERT INTO Curso(codCurso, nome, codSubTipoCurso) VALUES ('G48', 'Design (Portaria n.º 265/2013)', 'N54');
INSERT INTO Curso(codCurso, nome, codSubTipoCurso) VALUES ('G49', 'Desporto e Dinamização da Atividade Física (Port. 265/2013)', 'N54');
INSERT INTO Curso(codCurso, nome, codSubTipoCurso) VALUES ('G50', 'Informática Aplicada à Web (Portaria n.º 265/2013)', 'N54');
INSERT INTO Curso(codCurso, nome, codSubTipoCurso) VALUES ('G51', 'Mecânica do Automóvel (Portaria n.º 265/2013)', 'N54');
INSERT INTO Curso(codCurso, nome, codSubTipoCurso) VALUES ('G52', 'Produção e Desenho Industrial de Mecânica (Port. 265/2013)', 'N54');
INSERT INTO Curso(codCurso, nome, codSubTipoCurso) VALUES ('G53', 'Química Industrial e Laboratorial (Portaria n.º 265/2013)', 'N54');
INSERT INTO Curso(codCurso, nome, codSubTipoCurso) VALUES ('G54', 'Turismo Cultural e Recreativo (Portaria n.º 265/2013)', 'N54');
INSERT INTO Curso(codCurso, nome, codSubTipoCurso) VALUES ('G55', 'Ação Social (Portaria n.º 266/2013)', 'N55');
INSERT INTO Curso(codCurso, nome, codSubTipoCurso) VALUES ('G56', 'Contabilidade e Gestão (Portaria n.º 266/2013)', 'N55');
INSERT INTO Curso(codCurso, nome, codSubTipoCurso) VALUES ('G57', 'Design, Cerâmica e Escultura (Portaria n.º 266/2013)', 'N55');
INSERT INTO Curso(codCurso, nome, codSubTipoCurso) VALUES ('G58', 'Educação Social (Portaria n.º 259/2013)', 'N56');
INSERT INTO Curso(codCurso, nome, codSubTipoCurso) VALUES ('G59', 'Energias Renováveis (Portaria n.º 267/2013)', 'N57');
INSERT INTO Curso(codCurso, nome, codSubTipoCurso) VALUES ('G60', 'Património e Restauro (Portaria n.º 267/2013)', 'N57');
INSERT INTO Curso(codCurso, nome, codSubTipoCurso) VALUES ('G61', 'Produção Gráfica (Portaria n.º 267/2013)', 'N57');
INSERT INTO Curso(codCurso, nome, codSubTipoCurso) VALUES ('G62', 'Comunicação Social (Portaria n.º 263/2013)', 'N58');
INSERT INTO Curso(codCurso, nome, codSubTipoCurso) VALUES ('G63', 'Desenho de Projeto - Eng. e Arquitetura (Port. 263/2013)', 'N58');
INSERT INTO Curso(codCurso, nome, codSubTipoCurso) VALUES ('G64', 'Eletrónica e Computadores (Portaria n.º 263/2013)', 'N58');
INSERT INTO Curso(codCurso, nome, codSubTipoCurso) VALUES ('G65', 'Informática de Gestão (Portaria n.º 263/2013)', 'N58');
INSERT INTO Curso(codCurso, nome, codSubTipoCurso) VALUES ('G70', 'Escola Secundária António Arroio - Cursos do DL 286/89', 'R02');
INSERT INTO Curso(codCurso, nome, codSubTipoCurso) VALUES ('G71', 'Escola Secundária Soares dos Reis - Cursos do DL 286/89', 'R03');
INSERT INTO Curso(codCurso, nome, codSubTipoCurso) VALUES ('G72', 'Colégio Internato dos Carvalhos - Cursos do DL 286/89', 'R20');
INSERT INTO Curso(codCurso, nome, codSubTipoCurso) VALUES ('G73', 'Colégio de Gaia - Cursos do DL 286/89', 'R21');
INSERT INTO Curso(codCurso, nome, codSubTipoCurso) VALUES ('G74', 'Instituto NunÁlvares - Cursos do DL 286/89', 'R22');
INSERT INTO Curso(codCurso, nome, codSubTipoCurso) VALUES ('G75', 'Colégio de S. Gonçalo - Cursos do DL 286/89', 'R24');
INSERT INTO Curso(codCurso, nome, codSubTipoCurso) VALUES ('G76', 'Colégio de S. Miguel - Cursos do DL 286/89', 'R25');
INSERT INTO Curso(codCurso, nome, codSubTipoCurso) VALUES ('G77', 'Instituto de Educação e Desenvolvimento- Cursos do DL 286/89', 'R28');
INSERT INTO Curso(codCurso, nome, codSubTipoCurso) VALUES ('G78', 'Ext. N.ª Sr.ª do Perpétuo Socorro - Cursos do DL 286/89', 'R29');
INSERT INTO Curso(codCurso, nome, codSubTipoCurso) VALUES ('G79', 'Instituto das Artes e da Imagem - Cursos do DL 286/89', 'R30');
INSERT INTO Curso(codCurso, nome, codSubTipoCurso) VALUES ('G80', 'Cursos profissionais das EP anteriores ao DL 74/2004', 'P18');
INSERT INTO Curso(codCurso, nome, codSubTipoCurso) VALUES ('G81', 'Cursos de Formação de Sargentos das Forças Armadas', 'P68');
INSERT INTO Curso(codCurso, nome, codSubTipoCurso) VALUES ('G82', 'Cursos profissionais - Inst. Nac. de Formação Turística', 'P65');
INSERT INTO Curso(codCurso, nome, codSubTipoCurso) VALUES ('G83', 'Cursos de Aprendizagem (IEFP) - extintos', 'P50');
INSERT INTO Curso(codCurso, nome, codSubTipoCurso) VALUES ('G84', 'Informática (Portaria n.º 33/2015)', 'N55');
INSERT INTO Curso(codCurso, nome, codSubTipoCurso) VALUES ('G85', 'Atividade Física e Desporto Adaptados (Port. 33/2015)', 'N55');
INSERT INTO Curso(codCurso, nome, codSubTipoCurso) VALUES ('G86', 'Desporto e Dinamização da Atividade Física (Port. 32/2015)', 'N59');
INSERT INTO Curso(codCurso, nome, codSubTipoCurso) VALUES ('P01', 'Animador Sociocultural', 'N07');
INSERT INTO Curso(codCurso, nome, codSubTipoCurso) VALUES ('P02', 'Artes do Espetáculo', 'N07');
INSERT INTO Curso(codCurso, nome, codSubTipoCurso) VALUES ('P03', 'Assistente de Arqueólogo', 'N07');
INSERT INTO Curso(codCurso, nome, codSubTipoCurso) VALUES ('P04', 'Assistente de Conservação e Restauro', 'N07');
INSERT INTO Curso(codCurso, nome, codSubTipoCurso) VALUES ('P05', 'Contramestre (Marinha Mercante)', 'N07');
INSERT INTO Curso(codCurso, nome, codSubTipoCurso) VALUES ('P06', 'Instrumentista de Cordas e de Tecla', 'N07');
INSERT INTO Curso(codCurso, nome, codSubTipoCurso) VALUES ('P07', 'Instrumentista de Jazz', 'N07');
INSERT INTO Curso(codCurso, nome, codSubTipoCurso) VALUES ('P08', 'Instrumentista de Sopro e de Percussão', 'N07');
INSERT INTO Curso(codCurso, nome, codSubTipoCurso) VALUES ('P09', 'Intérprete de Dança Contemporânea', 'N07');
INSERT INTO Curso(codCurso, nome, codSubTipoCurso) VALUES ('P10', 'Modelista de Vestuário', 'N07');
INSERT INTO Curso(codCurso, nome, codSubTipoCurso) VALUES ('P11', 'Técnico Auxiliar de Saúde', 'N07');
INSERT INTO Curso(codCurso, nome, codSubTipoCurso) VALUES ('P12', 'Técnico Auxiliar Protésico', 'N07');
INSERT INTO Curso(codCurso, nome, codSubTipoCurso) VALUES ('P13', 'Técnico da Qualidade - Calçado e Marroquinaria', 'N07');
INSERT INTO Curso(codCurso, nome, codSubTipoCurso) VALUES ('P14', 'Técnico de Multimédia', 'N07');
INSERT INTO Curso(codCurso, nome, codSubTipoCurso) VALUES ('P15', 'Técnico de Administração Naval', 'N07');
INSERT INTO Curso(codCurso, nome, codSubTipoCurso) VALUES ('P16', 'Técnico de Análise Laboratorial', 'N07');
INSERT INTO Curso(codCurso, nome, codSubTipoCurso) VALUES ('P17', 'Técnico de Animação 2D e 3D', 'N07');
INSERT INTO Curso(codCurso, nome, codSubTipoCurso) VALUES ('P18', 'Técnico de Apoio à Infância', 'N07');
INSERT INTO Curso(codCurso, nome, codSubTipoCurso) VALUES ('P19', 'Técnico de Apoio Psicossocial', 'N07');
INSERT INTO Curso(codCurso, nome, codSubTipoCurso) VALUES ('P20', 'Técnico de Artes Gráficas', 'N07');
INSERT INTO Curso(codCurso, nome, codSubTipoCurso) VALUES ('P21', 'Técnico de Audiovisuais', 'N07');
INSERT INTO Curso(codCurso, nome, codSubTipoCurso) VALUES ('P22', 'Técnico de Banca e Seguros', 'N07');
INSERT INTO Curso(codCurso, nome, codSubTipoCurso) VALUES ('P23', 'Técnico de Biblioteca, Arquivo e Documentação', 'N07');
INSERT INTO Curso(codCurso, nome, codSubTipoCurso) VALUES ('P24', 'Técnico de Cantaria Artística', 'N07');
INSERT INTO Curso(codCurso, nome, codSubTipoCurso) VALUES ('P25', 'Técnico de Cartografia', 'N07');
INSERT INTO Curso(codCurso, nome, codSubTipoCurso) VALUES ('P26', 'Técnico de Cerâmica Artística', 'N07');
INSERT INTO Curso(codCurso, nome, codSubTipoCurso) VALUES ('P27', 'Técnico de Comércio', 'N07');
INSERT INTO Curso(codCurso, nome, codSubTipoCurso) VALUES ('P28', 'Técnico de Comunicação - Marketing, Relações Públicas e Publ', 'N07');
INSERT INTO Curso(codCurso, nome, codSubTipoCurso) VALUES ('P29', 'Técnico de Construção Civil', 'N07');
INSERT INTO Curso(codCurso, nome, codSubTipoCurso) VALUES ('P30', 'Técnico de Construção Naval/ Embarcações de Recreio', 'N07');
INSERT INTO Curso(codCurso, nome, codSubTipoCurso) VALUES ('P31', 'Técnico de Contabilidade', 'N07');
INSERT INTO Curso(codCurso, nome, codSubTipoCurso) VALUES ('P32', 'Técnico de Coordenação e Produção de Moda', 'N07');
INSERT INTO Curso(codCurso, nome, codSubTipoCurso) VALUES ('P33', 'Técnico de Desenho de Mobiliário', 'N07');
INSERT INTO Curso(codCurso, nome, codSubTipoCurso) VALUES ('P34', 'Técnico de Desenho de Calçado e Marroquinaria', 'N07');
INSERT INTO Curso(codCurso, nome, codSubTipoCurso) VALUES ('P35', 'Técnico de Desenho de Construções Mecânicas', 'N07');
INSERT INTO Curso(codCurso, nome, codSubTipoCurso) VALUES ('P36', 'Técnico de Desenho Digital 3D', 'N07');
INSERT INTO Curso(codCurso, nome, codSubTipoCurso) VALUES ('P37', 'Técnico de Design', 'N07');
INSERT INTO Curso(codCurso, nome, codSubTipoCurso) VALUES ('P38', 'Técnico de Design de Moda', 'N07');
INSERT INTO Curso(codCurso, nome, codSubTipoCurso) VALUES ('P39', 'Técnico de Design Gráfico', 'N07');
INSERT INTO Curso(codCurso, nome, codSubTipoCurso) VALUES ('P40', 'Técnico de Eletricidade Naval', 'N07');
INSERT INTO Curso(codCurso, nome, codSubTipoCurso) VALUES ('P41', 'Técnico de Eletrónica e Telecomunicações', 'N07');
INSERT INTO Curso(codCurso, nome, codSubTipoCurso) VALUES ('P42', 'Técnico de Eletrónica, Áudio, Vídeo e TV', 'N07');
INSERT INTO Curso(codCurso, nome, codSubTipoCurso) VALUES ('P43', 'Técnico de Eletrónica, Automação e Comando', 'N07');
INSERT INTO Curso(codCurso, nome, codSubTipoCurso) VALUES ('P44', 'Técnico de Eletrónica, Automação e Computadores', 'N07');
INSERT INTO Curso(codCurso, nome, codSubTipoCurso) VALUES ('P45', 'Técnico de Eletrónica, Automação e Instrumentação', 'N07');
INSERT INTO Curso(codCurso, nome, codSubTipoCurso) VALUES ('P46', 'Técnico de Eletrotecnia', 'N07');
INSERT INTO Curso(codCurso, nome, codSubTipoCurso) VALUES ('P47', 'Técnico de Energias Renováveis', 'N07');
INSERT INTO Curso(codCurso, nome, codSubTipoCurso) VALUES ('P48', 'Técnico de Fotografia', 'N07');
INSERT INTO Curso(codCurso, nome, codSubTipoCurso) VALUES ('P49', 'Técnico de Frio e Climatização', 'N07');
INSERT INTO Curso(codCurso, nome, codSubTipoCurso) VALUES ('P50', 'Técnico de Gás', 'N07');
INSERT INTO Curso(codCurso, nome, codSubTipoCurso) VALUES ('P51', 'Técnico de Gestão', 'N07');
INSERT INTO Curso(codCurso, nome, codSubTipoCurso) VALUES ('P52', 'Técnico de Gestão Cinegética', 'N07');
INSERT INTO Curso(codCurso, nome, codSubTipoCurso) VALUES ('P53', 'Técnico de Gestão de Equipamentos Informáticos', 'N07');
INSERT INTO Curso(codCurso, nome, codSubTipoCurso) VALUES ('P54', 'Técnico de Gestão de Produção Têxtil e Vestuário', 'N07');
INSERT INTO Curso(codCurso, nome, codSubTipoCurso) VALUES ('P55', 'Técnico de Gestão do Ambiente', 'N07');
INSERT INTO Curso(codCurso, nome, codSubTipoCurso) VALUES ('P56', 'Técnico de Gestão e Programação de Sistemas Informáticos', 'N07');
INSERT INTO Curso(codCurso, nome, codSubTipoCurso) VALUES ('P57', 'Técnico de Gestão Equina', 'N07');
INSERT INTO Curso(codCurso, nome, codSubTipoCurso) VALUES ('P58', 'Técnico de Higiene e Segurança do Trabalho e Ambiente', 'N07');
INSERT INTO Curso(codCurso, nome, codSubTipoCurso) VALUES ('P59', 'Técnico de Informática de Gestão', 'N07');
INSERT INTO Curso(codCurso, nome, codSubTipoCurso) VALUES ('P60', 'Técnico de Instalações Elétricas', 'N07');
INSERT INTO Curso(codCurso, nome, codSubTipoCurso) VALUES ('P61', 'Técnico de Jardinagem e Espaços Verdes', 'N07');
INSERT INTO Curso(codCurso, nome, codSubTipoCurso) VALUES ('P62', 'Técnico de Joalharia/ Cravador', 'N07');
INSERT INTO Curso(codCurso, nome, codSubTipoCurso) VALUES ('P63', 'Técnico de Manutenção Industrial', 'N07');
INSERT INTO Curso(codCurso, nome, codSubTipoCurso) VALUES ('P64', 'Técnico de Marketing', 'N07');
INSERT INTO Curso(codCurso, nome, codSubTipoCurso) VALUES ('P65', 'Técnico de Mecânica Naval', 'N07');
INSERT INTO Curso(codCurso, nome, codSubTipoCurso) VALUES ('P66', 'Técnico de Mecatrónica', 'N07');
INSERT INTO Curso(codCurso, nome, codSubTipoCurso) VALUES ('P67', 'Técnico de Museografia e Gestão do Património', 'N07');
INSERT INTO Curso(codCurso, nome, codSubTipoCurso) VALUES ('P68', 'Técnico de Ótica Ocular', 'N07');
INSERT INTO Curso(codCurso, nome, codSubTipoCurso) VALUES ('P69', 'Técnico de Organização de Eventos', 'N07');
INSERT INTO Curso(codCurso, nome, codSubTipoCurso) VALUES ('P70', 'Técnico de Pedreiras', 'N07');
INSERT INTO Curso(codCurso, nome, codSubTipoCurso) VALUES ('P71', 'Técnico de Processamento e Controlo de Qualidade Alimentar', 'N07');
INSERT INTO Curso(codCurso, nome, codSubTipoCurso) VALUES ('P72', 'Técnico de Produção Agrária', 'N07');
INSERT INTO Curso(codCurso, nome, codSubTipoCurso) VALUES ('P73', 'Técnico de Produção e Tecnologias da Música', 'N07');
INSERT INTO Curso(codCurso, nome, codSubTipoCurso) VALUES ('P74', 'Técnico de Produção em Metalomecânica', 'N07');
INSERT INTO Curso(codCurso, nome, codSubTipoCurso) VALUES ('P75', 'Técnico de Proteção Civil', 'N07');
INSERT INTO Curso(codCurso, nome, codSubTipoCurso) VALUES ('P76', 'Técnico de Química Industrial', 'N07');
INSERT INTO Curso(codCurso, nome, codSubTipoCurso) VALUES ('P77', 'Técnico de Receção', 'N07');
INSERT INTO Curso(codCurso, nome, codSubTipoCurso) VALUES ('P78', 'Técnico de Recuperação do Património Edificado', 'N07');
INSERT INTO Curso(codCurso, nome, codSubTipoCurso) VALUES ('P79', 'Técnico de Recursos Florestais e Ambientais', 'N07');
INSERT INTO Curso(codCurso, nome, codSubTipoCurso) VALUES ('P80', 'Técnico de Relojoaria', 'N07');
INSERT INTO Curso(codCurso, nome, codSubTipoCurso) VALUES ('P81', 'Técnico de Restauração', 'N07');
INSERT INTO Curso(codCurso, nome, codSubTipoCurso) VALUES ('P82', 'Técnico de Secretariado', 'N07');
INSERT INTO Curso(codCurso, nome, codSubTipoCurso) VALUES ('P83', 'Técnico de Segurança e Salvamento em Meio Aquático', 'N07');
INSERT INTO Curso(codCurso, nome, codSubTipoCurso) VALUES ('P84', 'Técnico de Serviços Jurídicos', 'N07');
INSERT INTO Curso(codCurso, nome, codSubTipoCurso) VALUES ('P85', 'Técnico de Sistemas de Informação Geográfica', 'N07');
INSERT INTO Curso(codCurso, nome, codSubTipoCurso) VALUES ('P86', 'Técnico de Som', 'N07');
INSERT INTO Curso(codCurso, nome, codSubTipoCurso) VALUES ('P87', 'Técnico de Termalismo', 'N07');
INSERT INTO Curso(codCurso, nome, codSubTipoCurso) VALUES ('P88', 'Técnico de Tinturaria, Estamparia e Acabamento', 'N07');
INSERT INTO Curso(codCurso, nome, codSubTipoCurso) VALUES ('P89', 'Técnico de Transformação de Polímeros', 'N07');
INSERT INTO Curso(codCurso, nome, codSubTipoCurso) VALUES ('P90', 'Técnico de Transportes', 'N07');
INSERT INTO Curso(codCurso, nome, codSubTipoCurso) VALUES ('P91', 'Técnico de Turismo', 'N07');
INSERT INTO Curso(codCurso, nome, codSubTipoCurso) VALUES ('P92', 'Técnico de Turismo Ambiental e Rural', 'N07');
INSERT INTO Curso(codCurso, nome, codSubTipoCurso) VALUES ('P93', 'Técnico de Vendas', 'N07');
INSERT INTO Curso(codCurso, nome, codSubTipoCurso) VALUES ('P94', 'Técnico de Vídeo', 'N07');
INSERT INTO Curso(codCurso, nome, codSubTipoCurso) VALUES ('P95', 'Técnico de Vidro Artístico', 'N07');
INSERT INTO Curso(codCurso, nome, codSubTipoCurso) VALUES ('P96', 'Técnico de Viticultura e Enologia', 'N07');
INSERT INTO Curso(codCurso, nome, codSubTipoCurso) VALUES ('P97', 'Técnico de Vitrinismo', 'N07');
INSERT INTO Curso(codCurso, nome, codSubTipoCurso) VALUES ('P98', 'Topógrafo-Geómetra', 'N07');
INSERT INTO Curso(codCurso, nome, codSubTipoCurso) VALUES ('R01', 'Artes do Espetáculo - Cenografia, Figurinos e Adereços', 'N07');
INSERT INTO Curso(codCurso, nome, codSubTipoCurso) VALUES ('R02', 'Artes do Espetáculo - Interpretação', 'N07');
INSERT INTO Curso(codCurso, nome, codSubTipoCurso) VALUES ('R03', 'Artes do Espetáculo - Interpretação e Animação Circenses', 'N07');
INSERT INTO Curso(codCurso, nome, codSubTipoCurso) VALUES ('R04', 'Artes do Espetáculo - Luz, Som e Efeitos Cénicos', 'N07');
INSERT INTO Curso(codCurso, nome, codSubTipoCurso) VALUES ('R05', 'Técnico de Apoio à Gestão Desportiva', 'N07');
INSERT INTO Curso(codCurso, nome, codSubTipoCurso) VALUES ('R07', 'Contabilidade e Administração (Port. 816/2009)', 'N25');
INSERT INTO Curso(codCurso, nome, codSubTipoCurso) VALUES ('R08', 'Design, Cerâmica e Escultura (Port. 816/2009)', 'N25');
INSERT INTO Curso(codCurso, nome, codSubTipoCurso) VALUES ('R10', 'Técnico de Desporto e Condição Física', 'N07');
INSERT INTO Curso(codCurso, nome, codSubTipoCurso) VALUES ('R11', 'Desenho de Arquitetura (Instituto Jacob Rodrigues Pereira)', 'N60');
INSERT INTO Curso(codCurso, nome, codSubTipoCurso) VALUES ('R12', 'Imagem Interativa (Instituto Jacob Rodrigues Pereira)', 'N60');
INSERT INTO Curso(codCurso, nome, codSubTipoCurso) VALUES ('R13', 'PROFIJ - Ensino Secundário - Nível IV', 'P80');
INSERT INTO Curso(codCurso, nome, codSubTipoCurso) VALUES ('R14', 'PROFIJ - Ensino Secundário sem qualificação profissional', 'P80');
INSERT INTO Curso(codCurso, nome, codSubTipoCurso) VALUES ('R15', 'Técnico de Desporto', 'N07');
INSERT INTO Curso(codCurso, nome, codSubTipoCurso) VALUES ('R16', 'Técnico Administrativo', 'N07');
INSERT INTO Curso(codCurso, nome, codSubTipoCurso) VALUES ('R17', 'Técnico em Animação Turística', 'N07');
INSERT INTO Curso(codCurso, nome, codSubTipoCurso) VALUES ('R18', 'Técnico Vitivinícola', 'N07');
INSERT INTO Curso(codCurso, nome, codSubTipoCurso) VALUES ('R19', 'Técnico de Juventude', 'N07');
INSERT INTO Curso(codCurso, nome, codSubTipoCurso) VALUES ('R20', 'Técnico de Cozinha/Pastelaria', 'N07');
INSERT INTO Curso(codCurso, nome, codSubTipoCurso) VALUES ('R21', 'Técnico Comercial', 'N07');
INSERT INTO Curso(codCurso, nome, codSubTipoCurso) VALUES ('R22', 'Técnico de Produção Agropecuária', 'N07');
INSERT INTO Curso(codCurso, nome, codSubTipoCurso) VALUES ('R23', 'Técnico de Logística', 'N07');
INSERT INTO Curso(codCurso, nome, codSubTipoCurso) VALUES ('R24', 'Técnico de Massagem de Estética e Bem-Estar', 'N07');
INSERT INTO Curso(codCurso, nome, codSubTipoCurso) VALUES ('R25', 'Técnico de Informática - Sistemas', 'N07');
INSERT INTO Curso(codCurso, nome, codSubTipoCurso) VALUES ('R26', 'Técnico de Mecatrónica Automóvel', 'N07');
INSERT INTO Curso(codCurso, nome, codSubTipoCurso) VALUES ('R27', 'Acompanhante de Turismo Equestre', 'N07');
INSERT INTO Curso(codCurso, nome, codSubTipoCurso) VALUES ('R28', 'Alfaiate', 'N07');
INSERT INTO Curso(codCurso, nome, codSubTipoCurso) VALUES ('R29', 'Artesão das Artes do Metal', 'N07');
INSERT INTO Curso(codCurso, nome, codSubTipoCurso) VALUES ('R30', 'Artesão das Artes do Têxtil', 'N07');
INSERT INTO Curso(codCurso, nome, codSubTipoCurso) VALUES ('R31', 'Artesão das Artes e Ofícios em Madeira - Marcen. Embutidor', 'N07');
INSERT INTO Curso(codCurso, nome, codSubTipoCurso) VALUES ('R32', 'Artesão das Artes e Ofícios em Madeira - Marcen. Entalhador', 'N07');
INSERT INTO Curso(codCurso, nome, codSubTipoCurso) VALUES ('R33', 'Bombeiro', 'N07');
INSERT INTO Curso(codCurso, nome, codSubTipoCurso) VALUES ('R34', 'Cabeleireiro', 'N07');
INSERT INTO Curso(codCurso, nome, codSubTipoCurso) VALUES ('R35', 'Desenhador de Sistemas de Refrigeração e Climatização', 'N07');
INSERT INTO Curso(codCurso, nome, codSubTipoCurso) VALUES ('R36', 'Esteticista', 'N07');
INSERT INTO Curso(codCurso, nome, codSubTipoCurso) VALUES ('R37', 'Pintor Artístico em Azulejo', 'N07');
INSERT INTO Curso(codCurso, nome, codSubTipoCurso) VALUES ('R38', 'Programador de Informática', 'N07');
INSERT INTO Curso(codCurso, nome, codSubTipoCurso) VALUES ('R39', 'Rececionista de Hotel', 'N07');
INSERT INTO Curso(codCurso, nome, codSubTipoCurso) VALUES ('R40', 'Técnico Apícola', 'N07');
INSERT INTO Curso(codCurso, nome, codSubTipoCurso) VALUES ('R41', 'Técnico Assistente Dentário', 'N07');
INSERT INTO Curso(codCurso, nome, codSubTipoCurso) VALUES ('R42', 'Técnico Auxiliar de Farmácia', 'N07');
INSERT INTO Curso(codCurso, nome, codSubTipoCurso) VALUES ('R43', 'Técnico Comercial Bancário', 'N07');
INSERT INTO Curso(codCurso, nome, codSubTipoCurso) VALUES ('R44', 'Técnico da Qualidade', 'N07');
INSERT INTO Curso(codCurso, nome, codSubTipoCurso) VALUES ('R45', 'Técnico de Acabamento de Madeira e Mobiliário', 'N07');
INSERT INTO Curso(codCurso, nome, codSubTipoCurso) VALUES ('R46', 'Técnico de Ação Educativa', 'N07');
INSERT INTO Curso(codCurso, nome, codSubTipoCurso) VALUES ('R47', 'Técnico de Agências de Viagens e Transportes', 'N07');
INSERT INTO Curso(codCurso, nome, codSubTipoCurso) VALUES ('R48', 'Técnico de Andares', 'N07');
INSERT INTO Curso(codCurso, nome, codSubTipoCurso) VALUES ('R49', 'Técnico de Apoio à Gestão', 'N07');
INSERT INTO Curso(codCurso, nome, codSubTipoCurso) VALUES ('R50', 'Técnico de Apoio Familiar e de Apoio à Comunidade', 'N07');
INSERT INTO Curso(codCurso, nome, codSubTipoCurso) VALUES ('R51', 'Técnico de Aprovisionamento e Venda de Peças', 'N07');
INSERT INTO Curso(codCurso, nome, codSubTipoCurso) VALUES ('R52', 'Técnico de Aquicultura', 'N07');
INSERT INTO Curso(codCurso, nome, codSubTipoCurso) VALUES ('R53', 'Técnico de CAD/CAM', 'N07');
INSERT INTO Curso(codCurso, nome, codSubTipoCurso) VALUES ('R54', 'Técnico de Cerâmica', 'N07');
INSERT INTO Curso(codCurso, nome, codSubTipoCurso) VALUES ('R55', 'Técnico de Cerâmica Criativa', 'N07');
INSERT INTO Curso(codCurso, nome, codSubTipoCurso) VALUES ('R56', 'Técnico de Comunicação e Serviço Digital', 'N07');
INSERT INTO Curso(codCurso, nome, codSubTipoCurso) VALUES ('R57', 'Técnico de Construção de Instrumentos Musicais', 'N07');
INSERT INTO Curso(codCurso, nome, codSubTipoCurso) VALUES ('R58', 'Técnico de Controlo de Qualidade Alimentar', 'N07');
INSERT INTO Curso(codCurso, nome, codSubTipoCurso) VALUES ('R59', 'Técnico de Desenho da Construção Civil', 'N07');
INSERT INTO Curso(codCurso, nome, codSubTipoCurso) VALUES ('R60', 'Técnico de Desenho de Cunhos e Cortantes', 'N07');
INSERT INTO Curso(codCurso, nome, codSubTipoCurso) VALUES ('R61', 'Técnico de Desenho de Mobiliário e Construções em Madeira', 'N07');
INSERT INTO Curso(codCurso, nome, codSubTipoCurso) VALUES ('R62', 'Técnico de Desenho de Moldes', 'N07');
INSERT INTO Curso(codCurso, nome, codSubTipoCurso) VALUES ('R63', 'Técnico de Desenho de Vestuário', 'N07');
INSERT INTO Curso(codCurso, nome, codSubTipoCurso) VALUES ('R64', 'Técnico de Desenho Gráfico', 'N07');
INSERT INTO Curso(codCurso, nome, codSubTipoCurso) VALUES ('R65', 'Técnico de Distribuição', 'N07');
INSERT INTO Curso(codCurso, nome, codSubTipoCurso) VALUES ('R66', 'Técnico de Eletrónica Médica', 'N07');
INSERT INTO Curso(codCurso, nome, codSubTipoCurso) VALUES ('R67', 'Técnico de Enobrecimento Têxtil', 'N07');
INSERT INTO Curso(codCurso, nome, codSubTipoCurso) VALUES ('R68', 'Técnico de Ensaios da Construção Civil e Obras Públicas', 'N07');
INSERT INTO Curso(codCurso, nome, codSubTipoCurso) VALUES ('R69', 'Técnico de Fabrico de Componentes de Construção Metálica', 'N07');
INSERT INTO Curso(codCurso, nome, codSubTipoCurso) VALUES ('R70', 'Técnico de Fabrico e Manutenção de Cunhos e Cortantes', 'N07');
INSERT INTO Curso(codCurso, nome, codSubTipoCurso) VALUES ('R71', 'Técnico de Fabrico Manual de Calçado', 'N07');
INSERT INTO Curso(codCurso, nome, codSubTipoCurso) VALUES ('R72', 'Técnico de Geriatria', 'N07');
INSERT INTO Curso(codCurso, nome, codSubTipoCurso) VALUES ('R73', 'Técnico de Gestão da Produção da Indústria da Cortiça', 'N07');
INSERT INTO Curso(codCurso, nome, codSubTipoCurso) VALUES ('R74', 'Técnico de Gestão da Produção de Calçado e de Marroquinaria', 'N07');
INSERT INTO Curso(codCurso, nome, codSubTipoCurso) VALUES ('R75', 'Técnico de Gestão da Produção em Madeira e Mobiliário', 'N07');
INSERT INTO Curso(codCurso, nome, codSubTipoCurso) VALUES ('R76', 'Técnico de Indústrias Alimentares', 'N07');
INSERT INTO Curso(codCurso, nome, codSubTipoCurso) VALUES ('R77', 'Técnico de Informação e Animação Turística', 'N07');
INSERT INTO Curso(codCurso, nome, codSubTipoCurso) VALUES ('R78', 'Técnico de Informação, Documentação e Comunicação', 'N07');
INSERT INTO Curso(codCurso, nome, codSubTipoCurso) VALUES ('R79', 'Técnico de Informática - Instalação e Gestão de Redes', 'N07');
INSERT INTO Curso(codCurso, nome, codSubTipoCurso) VALUES ('R80', 'Técnico de Laboratório - Fundição', 'N07');
INSERT INTO Curso(codCurso, nome, codSubTipoCurso) VALUES ('R81', 'Técnico de Laboratório Cerâmico', 'N07');
INSERT INTO Curso(codCurso, nome, codSubTipoCurso) VALUES ('R82', 'Técnico de Malhas - Máquinas Retas', 'N07');
INSERT INTO Curso(codCurso, nome, codSubTipoCurso) VALUES ('R83', 'Técnico de Manut. de Máquinas de Calçado e de Marroquinaria', 'N07');
INSERT INTO Curso(codCurso, nome, codSubTipoCurso) VALUES ('R84', 'Técnico de Manut. Industrial de Metalurgia e Metalomecânica', 'N07');
INSERT INTO Curso(codCurso, nome, codSubTipoCurso) VALUES ('R85', 'Técnico de Maquinação e Programação CNC', 'N07');
INSERT INTO Curso(codCurso, nome, codSubTipoCurso) VALUES ('R86', 'Técnico de Máquinas de Confeção', 'N07');
INSERT INTO Curso(codCurso, nome, codSubTipoCurso) VALUES ('R87', 'Técnico de Máquinas Florestais', 'N07');
INSERT INTO Curso(codCurso, nome, codSubTipoCurso) VALUES ('R88', 'Técnico de Medições e Orçamentos', 'N07');
INSERT INTO Curso(codCurso, nome, codSubTipoCurso) VALUES ('R89', 'Técnico de Modelação Cerâmica', 'N07');
INSERT INTO Curso(codCurso, nome, codSubTipoCurso) VALUES ('R90', 'Técnico de Modelação de Calçado', 'N07');
INSERT INTO Curso(codCurso, nome, codSubTipoCurso) VALUES ('R91', 'Técnico de Obra/Condutor de Obra', 'N07');
INSERT INTO Curso(codCurso, nome, codSubTipoCurso) VALUES ('R92', 'Técnico de Operações Turísticas', 'N07');
INSERT INTO Curso(codCurso, nome, codSubTipoCurso) VALUES ('R93', 'Técnico de Ourivesaria', 'N07');
INSERT INTO Curso(codCurso, nome, codSubTipoCurso) VALUES ('R94', 'Técnico de Ourivesaria de Pratas Graúdas/Cinzelador', 'N07');
INSERT INTO Curso(codCurso, nome, codSubTipoCurso) VALUES ('R95', 'Técnico de Pastelaria/Padaria', 'N07');
INSERT INTO Curso(codCurso, nome, codSubTipoCurso) VALUES ('R96', 'Técnico de Pintura Cerâmica', 'N07');
INSERT INTO Curso(codCurso, nome, codSubTipoCurso) VALUES ('R97', 'Técnico de Pintura Decorativa', 'N07');
INSERT INTO Curso(codCurso, nome, codSubTipoCurso) VALUES ('R98', 'Técnico de Plan. Industrial de Metalurgia e Metalomecânica', 'N07');
INSERT INTO Curso(codCurso, nome, codSubTipoCurso) VALUES ('R99', 'Técnico de Preparação de Cortiça', 'N07');
INSERT INTO Curso(codCurso, nome, codSubTipoCurso) VALUES ('S01', 'Artesão das Artes e Ofícios em Madeira', 'P50');
INSERT INTO Curso(codCurso, nome, codSubTipoCurso) VALUES ('S02', 'Artesão das Artes do Metal', 'P50');
INSERT INTO Curso(codCurso, nome, codSubTipoCurso) VALUES ('S04', 'Artesão Têxtil', 'P50');
INSERT INTO Curso(codCurso, nome, codSubTipoCurso) VALUES ('S05', 'Assistente Comercial Bancário', 'P50');
INSERT INTO Curso(codCurso, nome, codSubTipoCurso) VALUES ('S06', 'Desenhador de Sistemas de Refrigeração e Climatização', 'P50');
INSERT INTO Curso(codCurso, nome, codSubTipoCurso) VALUES ('S08', 'Marinheiro', 'P50');
INSERT INTO Curso(codCurso, nome, codSubTipoCurso) VALUES ('S10', 'Modelista de Calçado e Marroquinaria', 'P50');
INSERT INTO Curso(codCurso, nome, codSubTipoCurso) VALUES ('S11', 'Pintor Artístico em Azulejo', 'P50');
INSERT INTO Curso(codCurso, nome, codSubTipoCurso) VALUES ('S12', 'Técnico de Pintura Cerâmica', 'P50');
INSERT INTO Curso(codCurso, nome, codSubTipoCurso) VALUES ('S13', 'Técnico Agrícola', 'P50');
INSERT INTO Curso(codCurso, nome, codSubTipoCurso) VALUES ('S15', 'Técnico de Manutenção de Máquinas de Calçado e Marroquinaria', 'P50');
INSERT INTO Curso(codCurso, nome, codSubTipoCurso) VALUES ('S16', 'Técnico de Acabamento em Madeira e Mobiliário', 'P50');
INSERT INTO Curso(codCurso, nome, codSubTipoCurso) VALUES ('S17', 'Técnico de Apoio à Gestão', 'P50');
INSERT INTO Curso(codCurso, nome, codSubTipoCurso) VALUES ('S18', 'Técnico de Aprovisionamento e Venda de Peças', 'P50');
INSERT INTO Curso(codCurso, nome, codSubTipoCurso) VALUES ('S19', 'Técnico de Cerâmica', 'P50');
INSERT INTO Curso(codCurso, nome, codSubTipoCurso) VALUES ('S20', 'Técnico de Construção Naval', 'P50');
INSERT INTO Curso(codCurso, nome, codSubTipoCurso) VALUES ('S21', 'Técnico de Contabilidade', 'P50');
INSERT INTO Curso(codCurso, nome, codSubTipoCurso) VALUES ('S22', 'Técnico de Desenho de Construções em Madeira e Mobiliário', 'P50');
INSERT INTO Curso(codCurso, nome, codSubTipoCurso) VALUES ('S23', 'Técnico de Desenho de Constr. Mecânicas/Cunhos e Cortantes', 'P50');
INSERT INTO Curso(codCurso, nome, codSubTipoCurso) VALUES ('S24', 'Técnico de Desenho de Construções Mecânicas/Máquinas', 'P50');
INSERT INTO Curso(codCurso, nome, codSubTipoCurso) VALUES ('S25', 'Técnico de Desenho de Construções Mecânicas/Moldes', 'P50');
INSERT INTO Curso(codCurso, nome, codSubTipoCurso) VALUES ('S26', 'Técnico de Desenho/Preparador de Obra', 'P50');
INSERT INTO Curso(codCurso, nome, codSubTipoCurso) VALUES ('S27', 'Técnico de Eletrónica de Computadores', 'P50');
INSERT INTO Curso(codCurso, nome, codSubTipoCurso) VALUES ('S28', 'Técnico de Eletrónica/Industrial e de Equipamentos', 'P50');
INSERT INTO Curso(codCurso, nome, codSubTipoCurso) VALUES ('S29', 'Técnico de Eletrónica/Instrumentação, Controlo e Telemanut.', 'P50');
INSERT INTO Curso(codCurso, nome, codSubTipoCurso) VALUES ('S30', 'Técnico de Eletrónica e Telecomunicações', 'P50');
INSERT INTO Curso(codCurso, nome, codSubTipoCurso) VALUES ('S31', 'Técnico de Gestão da Produção de Calçado e de Marroquinaria', 'P50');
INSERT INTO Curso(codCurso, nome, codSubTipoCurso) VALUES ('S32', 'Técnico de Gestão da Produção em Madeira e Mobiliário', 'P50');
INSERT INTO Curso(codCurso, nome, codSubTipoCurso) VALUES ('S33', 'Técnico de Laboratório Cerâmico', 'P50');
INSERT INTO Curso(codCurso, nome, codSubTipoCurso) VALUES ('S34', 'Técnico de Logística', 'P50');
INSERT INTO Curso(codCurso, nome, codSubTipoCurso) VALUES ('S35', 'Técnico de Maquinação e Programação', 'P50');
INSERT INTO Curso(codCurso, nome, codSubTipoCurso) VALUES ('S36', 'Técnico de Marketing', 'P50');
INSERT INTO Curso(codCurso, nome, codSubTipoCurso) VALUES ('S37', 'Técnico de Mecatrónica Automóvel', 'P50');
INSERT INTO Curso(codCurso, nome, codSubTipoCurso) VALUES ('S38', 'Técnico de Medições e Orçamentos', 'P50');
INSERT INTO Curso(codCurso, nome, codSubTipoCurso) VALUES ('S39', 'Técnico de Métodos e Tempos de Calçado e de Marroquinaria', 'P50');
INSERT INTO Curso(codCurso, nome, codSubTipoCurso) VALUES ('S40', 'Técnico de Modelação Cerâmica', 'P50');
INSERT INTO Curso(codCurso, nome, codSubTipoCurso) VALUES ('S41', 'Técnico de Obra/Condutor de Obra', 'P50');
INSERT INTO Curso(codCurso, nome, codSubTipoCurso) VALUES ('S43', 'Técnico de Produção Agropecuária', 'P50');
INSERT INTO Curso(codCurso, nome, codSubTipoCurso) VALUES ('S44', 'Técnico de Planeamento Industrial (Metalurgia e Metalomec.)', 'P50');
INSERT INTO Curso(codCurso, nome, codSubTipoCurso) VALUES ('S45', 'Técnico de Receção/Orçamentação de Oficina', 'P50');
INSERT INTO Curso(codCurso, nome, codSubTipoCurso) VALUES ('S46', 'Técnico de Refrigeração e Climatização', 'P50');
INSERT INTO Curso(codCurso, nome, codSubTipoCurso) VALUES ('S47', 'Técnico de Segurança e Higiene do Trabalho', 'P50');
INSERT INTO Curso(codCurso, nome, codSubTipoCurso) VALUES ('S48', 'Técnico de Topografia', 'P50');
INSERT INTO Curso(codCurso, nome, codSubTipoCurso) VALUES ('S49', 'Técnico de Transformação de Pescado', 'P50');
INSERT INTO Curso(codCurso, nome, codSubTipoCurso) VALUES ('S50', 'Técnico de Vendas', 'P50');
INSERT INTO Curso(codCurso, nome, codSubTipoCurso) VALUES ('S52', 'Técnico de Vidro Artístico', 'P50');
INSERT INTO Curso(codCurso, nome, codSubTipoCurso) VALUES ('S53', 'Técnico de Vitrinismo', 'P50');
INSERT INTO Curso(codCurso, nome, codSubTipoCurso) VALUES ('S54', 'Técnicas de Cozinha/Pastelaria (Portaria n.º 57/2009)', 'P67');
INSERT INTO Curso(codCurso, nome, codSubTipoCurso) VALUES ('S55', 'Técnicas de Serviço de Restauração e Bebidas (Port 57/2009)', 'P67');
INSERT INTO Curso(codCurso, nome, codSubTipoCurso) VALUES ('S56', 'Técnicas de Operações Turísticas e Hoteleiras (Port 57/2009)', 'P67');
INSERT INTO Curso(codCurso, nome, codSubTipoCurso) VALUES ('S57', 'Cozinha/Pastelaria (Portaria n.º 846/2007)', 'P67');
INSERT INTO Curso(codCurso, nome, codSubTipoCurso) VALUES ('S58', 'Restaurante/Bar (Portaria n.º 846/2007)', 'P67');
INSERT INTO Curso(codCurso, nome, codSubTipoCurso) VALUES ('S59', 'Hotelaria e Turismo (Portaria n.º 846/2007)', 'P67');
INSERT INTO Curso(codCurso, nome, codSubTipoCurso) VALUES ('S60', 'Alfaiate', 'P50');
INSERT INTO Curso(codCurso, nome, codSubTipoCurso) VALUES ('S61', 'Assistente de Arqueólogo', 'P50');
INSERT INTO Curso(codCurso, nome, codSubTipoCurso) VALUES ('S62', 'Técnico Auxiliar de Saúde', 'P50');
INSERT INTO Curso(codCurso, nome, codSubTipoCurso) VALUES ('S63', 'Técnico de Acabamento de Madeira e Mobiliário', 'P50');
INSERT INTO Curso(codCurso, nome, codSubTipoCurso) VALUES ('S64', 'Técnico de Apoio à Gestão Desportiva', 'P50');
INSERT INTO Curso(codCurso, nome, codSubTipoCurso) VALUES ('S65', 'Técnico de Apoio Familiar e de Apoio à Comunidade', 'P50');
INSERT INTO Curso(codCurso, nome, codSubTipoCurso) VALUES ('S66', 'Técnico de Banca e Seguros', 'P50');
INSERT INTO Curso(codCurso, nome, codSubTipoCurso) VALUES ('S67', 'Técnico de Cozinha/Pastelaria', 'P50');
INSERT INTO Curso(codCurso, nome, codSubTipoCurso) VALUES ('S68', 'Técnico de Ensaios da Construção Civil e Obras Públicas', 'P50');
INSERT INTO Curso(codCurso, nome, codSubTipoCurso) VALUES ('S69', 'Técnico de Máquinas Florestais', 'P50');
INSERT INTO Curso(codCurso, nome, codSubTipoCurso) VALUES ('S70', 'Técnico de Modelação de Calçado', 'P50');
INSERT INTO Curso(codCurso, nome, codSubTipoCurso) VALUES ('S71', 'Técnico de Museografia e Gestão do Património', 'P50');
INSERT INTO Curso(codCurso, nome, codSubTipoCurso) VALUES ('S72', 'Técnico de Ourivesaria de Pratas Graúdas/Cinzelador', 'P50');
INSERT INTO Curso(codCurso, nome, codSubTipoCurso) VALUES ('S73', 'Técnico de Pintura Decorativa', 'P50');
INSERT INTO Curso(codCurso, nome, codSubTipoCurso) VALUES ('S74', 'Técnico de Progr. e Oper. em Máquinas de Transf. da Madeira', 'P50');
INSERT INTO Curso(codCurso, nome, codSubTipoCurso) VALUES ('S75', 'Técnico de Projeto Aeronáutico', 'P50');
INSERT INTO Curso(codCurso, nome, codSubTipoCurso) VALUES ('S76', 'Técnico de Proteção Civil', 'P50');
INSERT INTO Curso(codCurso, nome, codSubTipoCurso) VALUES ('S77', 'Técnico de Redes Elétricas', 'P50');
INSERT INTO Curso(codCurso, nome, codSubTipoCurso) VALUES ('S78', 'Técnico de Restaurante/Bar', 'P50');
INSERT INTO Curso(codCurso, nome, codSubTipoCurso) VALUES ('S79', 'Técnico de Serviços Funerários', 'P50');
INSERT INTO Curso(codCurso, nome, codSubTipoCurso) VALUES ('S80', 'Técnico de Sistemas de Tratamento de Águas', 'P50');
INSERT INTO Curso(codCurso, nome, codSubTipoCurso) VALUES ('S81', 'Técnico de Socorros e Emergências de Aeródromo', 'P50');
INSERT INTO Curso(codCurso, nome, codSubTipoCurso) VALUES ('S82', 'Técnico de Soldadura', 'P50');
INSERT INTO Curso(codCurso, nome, codSubTipoCurso) VALUES ('S83', 'Técnico de Fabrico e Manutenção de Cunhos e Cortantes', 'P50');
INSERT INTO Curso(codCurso, nome, codSubTipoCurso) VALUES ('S84', 'Técnico de Massagem de Estética e Bem-Estar', 'P50');
INSERT INTO Curso(codCurso, nome, codSubTipoCurso) VALUES ('T01', 'Acompanhante de Turismo Equestre', 'P50');
INSERT INTO Curso(codCurso, nome, codSubTipoCurso) VALUES ('T02', 'Animador Sociocultural', 'P50');
INSERT INTO Curso(codCurso, nome, codSubTipoCurso) VALUES ('T03', 'Esteticista-Cosmetologista', 'P50');
INSERT INTO Curso(codCurso, nome, codSubTipoCurso) VALUES ('T04', 'Programador de Informática', 'P50');
INSERT INTO Curso(codCurso, nome, codSubTipoCurso) VALUES ('T05', 'Técnico Comercial Bancário', 'P50');
INSERT INTO Curso(codCurso, nome, codSubTipoCurso) VALUES ('T06', 'Técnico de Ação Educativa', 'P50');
INSERT INTO Curso(codCurso, nome, codSubTipoCurso) VALUES ('T07', 'Técnico de Análise Laboratorial', 'P50');
INSERT INTO Curso(codCurso, nome, codSubTipoCurso) VALUES ('T08', 'Técnico de Cerâmica Criativa', 'P50');
INSERT INTO Curso(codCurso, nome, codSubTipoCurso) VALUES ('T09', 'Técnico de Construção Naval / Embarcações de Recreio', 'P50');
INSERT INTO Curso(codCurso, nome, codSubTipoCurso) VALUES ('T10', 'Técnico de Controlo de Qualidade Alimentar', 'P50');
INSERT INTO Curso(codCurso, nome, codSubTipoCurso) VALUES ('T11', 'Técnico de Desenho de Construção Civil', 'P50');
INSERT INTO Curso(codCurso, nome, codSubTipoCurso) VALUES ('T12', 'Técnico de Desenho de Mobiliário', 'P50');
INSERT INTO Curso(codCurso, nome, codSubTipoCurso) VALUES ('T13', 'Técnico de Desenho de Vestuário', 'P50');
INSERT INTO Curso(codCurso, nome, codSubTipoCurso) VALUES ('T14', 'Técnico de Design de Moda', 'P50');
INSERT INTO Curso(codCurso, nome, codSubTipoCurso) VALUES ('T15', 'Técnico de Eletrónica Médica', 'P50');
INSERT INTO Curso(codCurso, nome, codSubTipoCurso) VALUES ('T16', 'Técnico de Eletrónica, Áudio, Vídeo e TV', 'P50');
INSERT INTO Curso(codCurso, nome, codSubTipoCurso) VALUES ('T17', 'Técnico de Eletrónica, Automação e Comando', 'P50');
INSERT INTO Curso(codCurso, nome, codSubTipoCurso) VALUES ('T18', 'Técnico de Eletrónica, Automação e Computadores', 'P50');
INSERT INTO Curso(codCurso, nome, codSubTipoCurso) VALUES ('T19', 'Técnico de Eletrónica, Automação e Instrumentação', 'P50');
INSERT INTO Curso(codCurso, nome, codSubTipoCurso) VALUES ('T20', 'Técnico de Eletrotecnia', 'P50');
INSERT INTO Curso(codCurso, nome, codSubTipoCurso) VALUES ('T21', 'Técnico de Enobrecimento Têxtil', 'P50');
INSERT INTO Curso(codCurso, nome, codSubTipoCurso) VALUES ('T22', 'Técnico de Fabrico Manual de Calçado', 'P50');
INSERT INTO Curso(codCurso, nome, codSubTipoCurso) VALUES ('T23', 'Técnico de Gás', 'P50');
INSERT INTO Curso(codCurso, nome, codSubTipoCurso) VALUES ('T24', 'Técnico de Gestão Cinegética', 'P50');
INSERT INTO Curso(codCurso, nome, codSubTipoCurso) VALUES ('T25', 'Técnico de Gestão da Produção da Indústria da Cortiça', 'P50');
INSERT INTO Curso(codCurso, nome, codSubTipoCurso) VALUES ('T26', 'Técnico de Gestão Desportiva', 'P50');
INSERT INTO Curso(codCurso, nome, codSubTipoCurso) VALUES ('T27', 'Técnico de Gestão do Ambiente', 'P50');
INSERT INTO Curso(codCurso, nome, codSubTipoCurso) VALUES ('T28', 'Técnico de Informação e Animação Turística', 'P50');
INSERT INTO Curso(codCurso, nome, codSubTipoCurso) VALUES ('T29', 'Técnico de Informática - Sistemas', 'P50');
INSERT INTO Curso(codCurso, nome, codSubTipoCurso) VALUES ('T30', 'Técnico de Informática - Instalação e Gestão de Redes', 'P50');
INSERT INTO Curso(codCurso, nome, codSubTipoCurso) VALUES ('T31', 'Técnico de Instalações Elétricas', 'P50');
INSERT INTO Curso(codCurso, nome, codSubTipoCurso) VALUES ('T32', 'Técnico de Jardinagem e Espaços Verdes', 'P50');
INSERT INTO Curso(codCurso, nome, codSubTipoCurso) VALUES ('T34', 'Técnico de Maquinação CNC', 'P50');
INSERT INTO Curso(codCurso, nome, codSubTipoCurso) VALUES ('T35', 'Técnico de Máquinas de Confeção', 'P50');
INSERT INTO Curso(codCurso, nome, codSubTipoCurso) VALUES ('T36', 'Técnico de Máquinas Retas', 'P50');
INSERT INTO Curso(codCurso, nome, codSubTipoCurso) VALUES ('T37', 'Técnico de Mecatrónica', 'P50');
INSERT INTO Curso(codCurso, nome, codSubTipoCurso) VALUES ('T38', 'Técnico de Multimédia', 'P50');
INSERT INTO Curso(codCurso, nome, codSubTipoCurso) VALUES ('T39', 'Técnico de Ótica Ocular', 'P50');
INSERT INTO Curso(codCurso, nome, codSubTipoCurso) VALUES ('T40', 'Técnico de Organização de Eventos', 'P50');
INSERT INTO Curso(codCurso, nome, codSubTipoCurso) VALUES ('T41', 'Técnico de Produção Aeronáutica - Montagem de Estruturas', 'P50');
INSERT INTO Curso(codCurso, nome, codSubTipoCurso) VALUES ('T42', 'Técnico de Produção Agrária', 'P50');
INSERT INTO Curso(codCurso, nome, codSubTipoCurso) VALUES ('T43', 'Técnico de Produção Automóvel', 'P50');
INSERT INTO Curso(codCurso, nome, codSubTipoCurso) VALUES ('T44', 'Técnico de Produção e Transformação de Compósitos', 'P50');
INSERT INTO Curso(codCurso, nome, codSubTipoCurso) VALUES ('T45', 'Técnico de Projeto de Moldes e Modelos', 'P50');
INSERT INTO Curso(codCurso, nome, codSubTipoCurso) VALUES ('T46', 'Técnico de Química Industrial', 'P50');
INSERT INTO Curso(codCurso, nome, codSubTipoCurso) VALUES ('T47', 'Técnico de Recursos Florestais e Ambientais', 'P50');
INSERT INTO Curso(codCurso, nome, codSubTipoCurso) VALUES ('T48', 'Técnico de Termalismo', 'P50');
INSERT INTO Curso(codCurso, nome, codSubTipoCurso) VALUES ('T50', 'Técnico de Transformação de Polímeros/Processos de Produção', 'P50');
INSERT INTO Curso(codCurso, nome, codSubTipoCurso) VALUES ('T51', 'Técnico de Tratamento de Metais', 'P50');
INSERT INTO Curso(codCurso, nome, codSubTipoCurso) VALUES ('T52', 'Técnico de Turismo Ambiental e Rural', 'P50');
INSERT INTO Curso(codCurso, nome, codSubTipoCurso) VALUES ('U01', 'Técnico de Produção Aeronáutica - Maquinação CNC', 'N07');
INSERT INTO Curso(codCurso, nome, codSubTipoCurso) VALUES ('U02', 'Técnico de Produção Aeronáutica - Montagem de Estruturas', 'N07');
INSERT INTO Curso(codCurso, nome, codSubTipoCurso) VALUES ('U03', 'Técnico de Produção Aeronáutica - Processos Especiais', 'N07');
INSERT INTO Curso(codCurso, nome, codSubTipoCurso) VALUES ('U04', 'Técn. de Prod. Aeronáutica - Prod. e Transf. de Compósitos', 'N07');
INSERT INTO Curso(codCurso, nome, codSubTipoCurso) VALUES ('U05', 'Técn. de Prod. Aeronáutica - Qualidade e Controlo Industrial', 'N07');
INSERT INTO Curso(codCurso, nome, codSubTipoCurso) VALUES ('U06', 'Técnico de Produção Automóvel', 'N07');
INSERT INTO Curso(codCurso, nome, codSubTipoCurso) VALUES ('U07', 'Técnico de Produção e Montagem de Moldes', 'N07');
INSERT INTO Curso(codCurso, nome, codSubTipoCurso) VALUES ('U08', 'Técn. de Progr. e Operação em Máquinas de Transf. da Madeira', 'N07');
INSERT INTO Curso(codCurso, nome, codSubTipoCurso) VALUES ('U09', 'Técnico de Projeto Aeronáutico', 'N07');
INSERT INTO Curso(codCurso, nome, codSubTipoCurso) VALUES ('U10', 'Técnico de Projeto de Moldes e Modelos - Fundição', 'N07');
INSERT INTO Curso(codCurso, nome, codSubTipoCurso) VALUES ('U11', 'Técnico de Receção/Orçamentação de Oficina', 'N07');
INSERT INTO Curso(codCurso, nome, codSubTipoCurso) VALUES ('U12', 'Técnico de Redes Elétricas', 'N07');
INSERT INTO Curso(codCurso, nome, codSubTipoCurso) VALUES ('U13', 'Técnico de Refrigeração e Climatização', 'N07');
INSERT INTO Curso(codCurso, nome, codSubTipoCurso) VALUES ('U14', 'Técnico de Relações Laborais', 'N07');
INSERT INTO Curso(codCurso, nome, codSubTipoCurso) VALUES ('U15', 'Técnico de Reparação e Pintura de Carroçarias', 'N07');
INSERT INTO Curso(codCurso, nome, codSubTipoCurso) VALUES ('U16', 'Técnico de Restaurante/Bar', 'N07');
INSERT INTO Curso(codCurso, nome, codSubTipoCurso) VALUES ('U17', 'Técnico de Receção Hoteleira', 'N07');
INSERT INTO Curso(codCurso, nome, codSubTipoCurso) VALUES ('U18', 'Técnico de Segurança e Higiene do Trabalho', 'N07');
INSERT INTO Curso(codCurso, nome, codSubTipoCurso) VALUES ('U19', 'Técnico de Serviços Funerários', 'N07');
INSERT INTO Curso(codCurso, nome, codSubTipoCurso) VALUES ('U20', 'Técnico de Sistemas de Tratamento de Águas', 'N07');
INSERT INTO Curso(codCurso, nome, codSubTipoCurso) VALUES ('U21', 'Técnico de Socorros e Emergências de Aeródromo', 'N07');
INSERT INTO Curso(codCurso, nome, codSubTipoCurso) VALUES ('U22', 'Técnico de Soldadura', 'N07');
INSERT INTO Curso(codCurso, nome, codSubTipoCurso) VALUES ('U23', 'Técnico de Tecelagem', 'N07');
INSERT INTO Curso(codCurso, nome, codSubTipoCurso) VALUES ('U24', 'Técnico de Topografia', 'N07');
INSERT INTO Curso(codCurso, nome, codSubTipoCurso) VALUES ('U25', 'Técnico de Tráfego de Assistência em Escala', 'N07');
INSERT INTO Curso(codCurso, nome, codSubTipoCurso) VALUES ('U26', 'Técnico de Vendas e Marketing', 'N07');
INSERT INTO Curso(codCurso, nome, codSubTipoCurso) VALUES ('U27', 'Técnico de Vidro', 'N07');
INSERT INTO Curso(codCurso, nome, codSubTipoCurso) VALUES ('U28', 'Técnico Industrial de Rolhas de Cortiça', 'N07');
INSERT INTO Curso(codCurso, nome, codSubTipoCurso) VALUES ('U29', 'Técnico Instalador de Sistemas Eólicos', 'N07');
INSERT INTO Curso(codCurso, nome, codSubTipoCurso) VALUES ('U30', 'Técnico Instalador de Sistemas Solares Fotovoltaicos', 'N07');
INSERT INTO Curso(codCurso, nome, codSubTipoCurso) VALUES ('U31', 'Técn. Instalador de Sistemas Térmicos de Energias Renováveis', 'N07');

-- Aluno

INSERT INTO Aluno (idAluno, nome, sexo, dataNascimento, anoEscolaridade, codCurso) VALUES ('1', 'Marisa Martins', NULL, '1999-6-15', ' ', 'U31');
INSERT INTO Aluno (idAluno, nome, sexo, dataNascimento, anoEscolaridade, codCurso) VALUES ('2', 'Rita Fonseca', 'F', '1999-10-8', '11', '573');
INSERT INTO Aluno (idAluno, nome, sexo, dataNascimento, anoEscolaridade, codCurso) VALUES ('3', 'Joana Freitas', 'F', '2001-7-9', ' ', 'A65');
INSERT INTO Aluno (idAluno, nome, sexo, dataNascimento, anoEscolaridade, codCurso) VALUES ('4', 'Joana Goncalves', 'F', '2003-4-14', '11', 'A32');
INSERT INTO Aluno (idAluno, nome, sexo, dataNascimento, anoEscolaridade, codCurso) VALUES ('5', 'Francisco Fonseca', 'M', '2003-6-23', '12', '216');
INSERT INTO Aluno (idAluno, nome, sexo, dataNascimento, anoEscolaridade, codCurso) VALUES ('6', 'Manuel Martins', 'M', '2000-1-15', ' ', 'P38');
INSERT INTO Aluno (idAluno, nome, sexo, dataNascimento, anoEscolaridade, codCurso) VALUES ('7', 'Florbela Freitas', 'F', '2000-6-22', '11', 'T34');
INSERT INTO Aluno (idAluno, nome, sexo, dataNascimento, anoEscolaridade, codCurso) VALUES ('8', 'Rita Cruz', 'F', '2003-7-26', ' ', '060');
INSERT INTO Aluno (idAluno, nome, sexo, dataNascimento, anoEscolaridade, codCurso) VALUES ('9', 'Antonio Pereira', NULL, '2003-5-5', '11', 'P96');
INSERT INTO Aluno (idAluno, nome, sexo, dataNascimento, anoEscolaridade, codCurso) VALUES ('10', 'Manuel Carvalho', 'M', '2000-9-23', ' ', 'G59');
INSERT INTO Aluno (idAluno, nome, sexo, dataNascimento, anoEscolaridade, codCurso) VALUES ('11', 'Manuel Marinho', 'M', '2002-8-23', '11', 'U21');
INSERT INTO Aluno (idAluno, nome, sexo, dataNascimento, anoEscolaridade, codCurso) VALUES ('12', 'Joao Freitas', 'M', '2003-9-8', '11', 'R33');
INSERT INTO Aluno (idAluno, nome, sexo, dataNascimento, anoEscolaridade, codCurso) VALUES ('13', 'Susana Goncalves', 'F', '1999-8-3', '11', '756');
INSERT INTO Aluno (idAluno, nome, sexo, dataNascimento, anoEscolaridade, codCurso) VALUES ('14', 'Francisco Freitas', 'M', '2002-5-11', '12', 'G85');
INSERT INTO Aluno (idAluno, nome, sexo, dataNascimento, anoEscolaridade, codCurso) VALUES ('15', 'Francisco Martins', 'M', '1999-4-16', '11', '225');
INSERT INTO Aluno (idAluno, nome, sexo, dataNascimento, anoEscolaridade, codCurso) VALUES ('16', 'Susana Madeira', 'F', '2003-4-18', ' ', 'S65');
INSERT INTO Aluno (idAluno, nome, sexo, dataNascimento, anoEscolaridade, codCurso) VALUES ('17', 'Francisco Pinho', 'M', '2003-10-11', '11', '178');
INSERT INTO Aluno (idAluno, nome, sexo, dataNascimento, anoEscolaridade, codCurso) VALUES ('18', 'Joao Madeira', 'M', '2001-11-6', ' ', '993');
INSERT INTO Aluno (idAluno, nome, sexo, dataNascimento, anoEscolaridade, codCurso) VALUES ('19', 'Manuel Pinho', 'M', '2001-10-10', '12', 'P42');
INSERT INTO Aluno (idAluno, nome, sexo, dataNascimento, anoEscolaridade, codCurso) VALUES ('20', 'Catarina Goncalves', 'F', '2001-3-17', ' ', 'R43');
INSERT INTO Aluno (idAluno, nome, sexo, dataNascimento, anoEscolaridade, codCurso) VALUES ('21', 'Florbela Marinho', NULL, '2001-1-12', '12', 'R59');
INSERT INTO Aluno (idAluno, nome, sexo, dataNascimento, anoEscolaridade, codCurso) VALUES ('22', 'Francisco Pereira', 'M', '2003-9-14', '12', 'R45');
INSERT INTO Aluno (idAluno, nome, sexo, dataNascimento, anoEscolaridade, codCurso) VALUES ('23', 'Rita Madeira', 'F', '2002-7-20', ' ', 'G16');
INSERT INTO Aluno (idAluno, nome, sexo, dataNascimento, anoEscolaridade, codCurso) VALUES ('24', 'Florbela Goncalves', 'F', '2002-5-26', ' ', 'R93');
INSERT INTO Aluno (idAluno, nome, sexo, dataNascimento, anoEscolaridade, codCurso) VALUES ('25', 'Catarina Freitas', 'F', '2000-4-13', '11', 'R45');
INSERT INTO Aluno (idAluno, nome, sexo, dataNascimento, anoEscolaridade, codCurso) VALUES ('26', 'Antonio Fonseca', 'M', '2003-7-11', '12', 'G05');
INSERT INTO Aluno (idAluno, nome, sexo, dataNascimento, anoEscolaridade, codCurso) VALUES ('27', 'Catarina Cruz', 'F', '2000-1-10', '11', 'T20');
INSERT INTO Aluno (idAluno, nome, sexo, dataNascimento, anoEscolaridade, codCurso) VALUES ('28', 'Jose Cruz', 'M', '2001-6-13', '11', 'A02');
INSERT INTO Aluno (idAluno, nome, sexo, dataNascimento, anoEscolaridade, codCurso) VALUES ('29', 'Joao Pinho', 'M', '2001-7-24', ' ', '576');
INSERT INTO Aluno (idAluno, nome, sexo, dataNascimento, anoEscolaridade, codCurso) VALUES ('30', 'Manuel Fonseca', 'M', '2001-2-3', '12', 'R45');
INSERT INTO Aluno (idAluno, nome, sexo, dataNascimento, anoEscolaridade, codCurso) VALUES ('31', 'Pedro Goncalves', 'M', '2000-6-25', ' ', 'A17');
INSERT INTO Aluno (idAluno, nome, sexo, dataNascimento, anoEscolaridade, codCurso) VALUES ('32', 'Joana Pereira', 'F', '2001-4-11', '12', 'P71');
INSERT INTO Aluno (idAluno, nome, sexo, dataNascimento, anoEscolaridade, codCurso) VALUES ('33', 'Joana Marinho', 'F', '2003-9-10', '12', 'P46');
INSERT INTO Aluno (idAluno, nome, sexo, dataNascimento, anoEscolaridade, codCurso) VALUES ('34', 'Pedro Madeira', 'M', '2000-11-14', '12', 'T47');
INSERT INTO Aluno (idAluno, nome, sexo, dataNascimento, anoEscolaridade, codCurso) VALUES ('35', 'Manuel Cruz', 'M', '2002-9-27', '11', '820');
INSERT INTO Aluno (idAluno, nome, sexo, dataNascimento, anoEscolaridade, codCurso) VALUES ('36', 'Sonia Marinho', 'F', '2003-9-9', ' ', 'R54');
INSERT INTO Aluno (idAluno, nome, sexo, dataNascimento, anoEscolaridade, codCurso) VALUES ('37', 'Marisa Cruz', 'F', '2003-3-23', '11', 'P29');
INSERT INTO Aluno (idAluno, nome, sexo, dataNascimento, anoEscolaridade, codCurso) VALUES ('38', 'Florbela Pereira', 'F', '1999-7-24', ' ', '081');
INSERT INTO Aluno (idAluno, nome, sexo, dataNascimento, anoEscolaridade, codCurso) VALUES ('39', 'Francisco Madeira', 'M', '2001-7-6', '12', 'G71');
INSERT INTO Aluno (idAluno, nome, sexo, dataNascimento, anoEscolaridade, codCurso) VALUES ('40', 'Catarina Pereira', 'F', '2003-11-6', '12', 'G24');
INSERT INTO Aluno (idAluno, nome, sexo, dataNascimento, anoEscolaridade, codCurso) VALUES ('41', 'Sonia Pinho', 'F', '1999-5-10', '11', 'G85');
INSERT INTO Aluno (idAluno, nome, sexo, dataNascimento, anoEscolaridade, codCurso) VALUES ('42', 'Jose Carvalho', 'M', '2001-10-17', '12', 'P98');
INSERT INTO Aluno (idAluno, nome, sexo, dataNascimento, anoEscolaridade, codCurso) VALUES ('43', 'Manuel Madeira', 'M', '2001-6-2', '11', 'S30');
INSERT INTO Aluno (idAluno, nome, sexo, dataNascimento, anoEscolaridade, codCurso) VALUES ('44', 'Catarina Carvalho', 'F', '1999-6-4', ' ', '977');
INSERT INTO Aluno (idAluno, nome, sexo, dataNascimento, anoEscolaridade, codCurso) VALUES ('45', 'Francisco Carvalho', 'M', '2000-8-5', '11', 'A70');
INSERT INTO Aluno (idAluno, nome, sexo, dataNascimento, anoEscolaridade, codCurso) VALUES ('46', 'Sonia Fonseca', 'F', '2003-5-13', ' ', '788');
INSERT INTO Aluno (idAluno, nome, sexo, dataNascimento, anoEscolaridade, codCurso) VALUES ('47', 'Catarina Madeira', 'F', '2000-11-16', '12', 'R81');
INSERT INTO Aluno (idAluno, nome, sexo, dataNascimento, anoEscolaridade, codCurso) VALUES ('48', 'Joana Carvalho', 'F', '1999-11-24', ' ', 'R92');
INSERT INTO Aluno (idAluno, nome, sexo, dataNascimento, anoEscolaridade, codCurso) VALUES ('49', 'Sonia Goncalves', 'F', '2000-5-14', '12', '738');
INSERT INTO Aluno (idAluno, nome, sexo, dataNascimento, anoEscolaridade, codCurso) VALUES ('50', 'Sonia Pereira', 'F', '2002-8-14', '11', 'S24');
INSERT INTO Aluno (idAluno, nome, sexo, dataNascimento, anoEscolaridade, codCurso) VALUES ('51', 'Pedro Cruz', 'M', '2002-1-17', '12', 'S43');
INSERT INTO Aluno (idAluno, nome, sexo, dataNascimento, anoEscolaridade, codCurso) VALUES ('52', 'Jose Fonseca', 'M', '2001-8-26', '11', 'P14');
INSERT INTO Aluno (idAluno, nome, sexo, dataNascimento, anoEscolaridade, codCurso) VALUES ('53', 'Catarina Marinho', 'F', '2002-5-17', ' ', '950');
INSERT INTO Aluno (idAluno, nome, sexo, dataNascimento, anoEscolaridade, codCurso) VALUES ('54', 'Pedro Fonseca', 'M', '2001-5-16', '11', 'T01');
INSERT INTO Aluno (idAluno, nome, sexo, dataNascimento, anoEscolaridade, codCurso) VALUES ('55', 'Florbela Cruz', 'F', '2001-1-13', '12', '723');
INSERT INTO Aluno (idAluno, nome, sexo, dataNascimento, anoEscolaridade, codCurso) VALUES ('56', 'Susana Marinho', 'F', '1999-4-9', ' ', 'U20');
INSERT INTO Aluno (idAluno, nome, sexo, dataNascimento, anoEscolaridade, codCurso) VALUES ('57', 'Antonio Carvalho', 'M', '2002-7-6', '11', 'R44');
INSERT INTO Aluno (idAluno, nome, sexo, dataNascimento, anoEscolaridade, codCurso) VALUES ('58', 'Antonio Goncalves', 'M', '1999-9-19', '11', 'S58');
INSERT INTO Aluno (idAluno, nome, sexo, dataNascimento, anoEscolaridade, codCurso) VALUES ('59', 'Manuel Freitas', 'M', '2001-5-5', ' ', 'A60');
INSERT INTO Aluno (idAluno, nome, sexo, dataNascimento, anoEscolaridade, codCurso) VALUES ('60', 'Joao Tavares', 'M', '2001-11-13', '12', '793');
INSERT INTO Aluno (idAluno, nome, sexo, dataNascimento, anoEscolaridade, codCurso) VALUES ('61','António Oliveira Ferreira','M','2002-09-27','11','C60');
INSERT INTO Aluno (idAluno, nome, sexo, dataNascimento, anoEscolaridade, codCurso) VALUES ('62','Carlos Filipe Lopes','M','2001-01-16','12','P02');
INSERT INTO Aluno (idAluno, nome, sexo, dataNascimento, anoEscolaridade, codCurso) VALUES ('63','Ana Maria Costa','F','1997-07-09','','P02');
INSERT INTO Aluno (idAluno, nome, sexo, dataNascimento, anoEscolaridade, codCurso) VALUES ('64','Tomás Pereira Matos Gomes','M','2001-04-18','12','U22');
INSERT INTO Aluno (idAluno, nome, sexo, dataNascimento, anoEscolaridade, codCurso) VALUES ('65','João Francisco Ferreira Maldonado','M','2002-12-29','11','R03');
INSERT INTO Aluno (idAluno, nome, sexo, dataNascimento, anoEscolaridade, codCurso) VALUES ('66', 'Lia da Silva Linhares Vieira', 'F', '2002-01-23', '12', 'C60');
INSERT INTO Aluno (idAluno, nome, sexo, dataNascimento, anoEscolaridade, codCurso) VALUES ('67', 'Hugo Miguel Fernandes Gomes', 'M', '2002-05-16','','R34');
INSERT INTO Aluno (idAluno, nome, sexo, dataNascimento, anoEscolaridade, codCurso) VALUES ('68', 'Rui Miguel Matos Gomes', 'M', '1999-10-14', '11', 'A26');
INSERT INTO Aluno (idAluno, nome, sexo, dataNascimento, anoEscolaridade, codCurso) VALUES ('69', 'Paulo Gomes', 'M', '2001-11-9', '11', 'P85');
INSERT INTO Aluno (idAluno, nome, sexo, dataNascimento, anoEscolaridade, codCurso) VALUES ('70', 'Paula Santos', 'F', '1999-8-1', ' ', '217');
INSERT INTO Aluno (idAluno, nome, sexo, dataNascimento, anoEscolaridade, codCurso) VALUES ('71', 'Maria Oliveira', 'F', '2000-8-18', '12', 'R54');
INSERT INTO Aluno (idAluno, nome, sexo, dataNascimento, anoEscolaridade, codCurso) VALUES ('72', 'Ricardo Cruz', 'M', '2000-8-20', '11', 'P29');
INSERT INTO Aluno (idAluno, nome, sexo, dataNascimento, anoEscolaridade, codCurso) VALUES ('73', 'André Gomes', 'M', '2003-1-5', '12', 'U26');
INSERT INTO Aluno (idAluno, nome, sexo, dataNascimento, anoEscolaridade, codCurso) VALUES ('74', 'Sofia Nunes', 'F', '2003-11-27', ' ', '748');
INSERT INTO Aluno (idAluno, nome, sexo, dataNascimento, anoEscolaridade, codCurso) VALUES ('75', 'Diogo Salgado', 'M', '2003-5-21', ' ', 'P24');
INSERT INTO Aluno (idAluno, nome, sexo, dataNascimento, anoEscolaridade, codCurso) VALUES ('76', 'Margarida Martins', 'F', '2001-4-15', '11', '768');
INSERT INTO Aluno (idAluno, nome, sexo, dataNascimento, anoEscolaridade, codCurso) VALUES ('77', 'Tatiana Correia', 'F', '2000-3-18', ' ', 'A25');
INSERT INTO Aluno (idAluno, nome, sexo, dataNascimento, anoEscolaridade, codCurso) VALUES ('78', 'Beatriz Silveira', 'F', '2000-4-19', '11', 'T13');
INSERT INTO Aluno (idAluno, nome, sexo, dataNascimento, anoEscolaridade, codCurso) VALUES ('79', 'Rafael Ribeiro', 'M', '2000-9-22', '12', 'T41');
INSERT INTO Aluno (idAluno, nome, sexo, dataNascimento, anoEscolaridade, codCurso) VALUES ('80', 'Tomás Tentugal', 'M', '1999-2-3', '12', '847');
INSERT INTO Aluno (idAluno, nome, sexo, dataNascimento, anoEscolaridade, codCurso) VALUES ('81', 'Daniel Santos', 'M', '2001-6-22', ' ', '840');
INSERT INTO Aluno (idAluno, nome, sexo, dataNascimento, anoEscolaridade, codCurso) VALUES ('82', 'Sofia Costa', 'F', '2003-2-11', '11', 'P04');
INSERT INTO Aluno (idAluno, nome, sexo, dataNascimento, anoEscolaridade, codCurso) VALUES ('83', 'Rita Amaral', 'F', '2002-10-23', '12', 'A71');
INSERT INTO Aluno (idAluno, nome, sexo, dataNascimento, anoEscolaridade, codCurso) VALUES ('84', 'Manuel Santos', 'M', '1999-8-22', '11', 'U12');
INSERT INTO Aluno (idAluno, nome, sexo, dataNascimento, anoEscolaridade, codCurso) VALUES ('85', 'Bárbara Parada', 'F', '1999-9-18', '12', '572');
INSERT INTO Aluno (idAluno, nome, sexo, dataNascimento, anoEscolaridade, codCurso) VALUES ('86', 'Marta Santos', 'F', '2003-9-1', ' ', 'G65');
INSERT INTO Aluno (idAluno, nome, sexo, dataNascimento, anoEscolaridade, codCurso) VALUES ('87', 'Miguel Marques', 'M', '2002-10-1', '12', 'U01');
INSERT INTO Aluno (idAluno, nome, sexo, dataNascimento, anoEscolaridade, codCurso) VALUES ('88', 'Fabiana Correia', 'F', '2000-9-14', ' ', '060');
INSERT INTO Aluno (idAluno, nome, sexo, dataNascimento, anoEscolaridade, codCurso) VALUES ('89', 'José Ferreira', 'M', '1999-5-10', '11', 'P20');
INSERT INTO Aluno (idAluno, nome, sexo, dataNascimento, anoEscolaridade, codCurso) VALUES ('90', 'António Serafim', 'M', '1999-3-22', '11', '995');
INSERT INTO Aluno (idAluno, nome, sexo, dataNascimento, anoEscolaridade, codCurso) VALUES ('91', 'Maria Ferreira', 'F', '2001-3-4', ' ', 'A63');
INSERT INTO Aluno (idAluno, nome, sexo, dataNascimento, anoEscolaridade, codCurso) VALUES ('92', 'Renata Dantas', 'F', '1999-11-22', ' ', 'P04');
INSERT INTO Aluno (idAluno, nome, sexo, dataNascimento, anoEscolaridade, codCurso) VALUES ('93', 'Mário Moreira', 'M', '2003-8-11', '12', 'R99');
INSERT INTO Aluno (idAluno, nome, sexo, dataNascimento, anoEscolaridade, codCurso) VALUES ('94', 'Sebastião Oliveira', 'M', '2003-10-15', ' ', 'S72');
INSERT INTO Aluno (idAluno, nome, sexo, dataNascimento, anoEscolaridade, codCurso) VALUES ('95', 'Matilde Morim', 'F', '2001-10-22', ' ', 'R65');
INSERT INTO Aluno (idAluno, nome, sexo, dataNascimento, anoEscolaridade, codCurso) VALUES ('96', 'Sérgio Conceição', 'M', '2000-7-13', '12', 'A75');
INSERT INTO Aluno (idAluno, nome, sexo, dataNascimento, anoEscolaridade, codCurso) VALUES ('97', 'Carolina Lopes', 'F', '2003-3-25', ' ', 'S54');
INSERT INTO Aluno (idAluno, nome, sexo, dataNascimento, anoEscolaridade, codCurso) VALUES ('98', 'Isabel Lopes', 'F', '2000-5-26', ' ', 'T52');
INSERT INTO Aluno (idAluno, nome, sexo, dataNascimento, anoEscolaridade, codCurso) VALUES ('99', 'Vitória Reis', 'F', '1999-3-2', ' ', 'A42');
INSERT INTO Aluno (idAluno, nome, sexo, dataNascimento, anoEscolaridade, codCurso) VALUES ('100', 'Jorge Jesus', NULL, '1999-3-4', ' ', '060');


-- DisciplinaExame

INSERT INTO DisciplinaExame(codExame, disciplina, anoEscolaridade) VALUES('138','Português Língua Segunda','12');
INSERT INTO DisciplinaExame(codExame, disciplina, anoEscolaridade) VALUES('501','Alemão','11');
INSERT INTO DisciplinaExame(codExame, disciplina, anoEscolaridade) VALUES('517','Francês','11');
INSERT INTO DisciplinaExame(codExame, disciplina, anoEscolaridade) VALUES('547','Espanhol','11');
INSERT INTO DisciplinaExame(codExame, disciplina, anoEscolaridade) VALUES('550','Inglês','11');
INSERT INTO DisciplinaExame(codExame, disciplina, anoEscolaridade) VALUES('623','História A','12');
INSERT INTO DisciplinaExame(codExame, disciplina, anoEscolaridade) VALUES('635','Matemática A','12');
INSERT INTO DisciplinaExame(codExame, disciplina, anoEscolaridade) VALUES('639','Português','12');
INSERT INTO DisciplinaExame(codExame, disciplina, anoEscolaridade) VALUES('702','Biologia e Geologia','11');
INSERT INTO DisciplinaExame(codExame, disciplina, anoEscolaridade) VALUES('706','Desenho A','12');
INSERT INTO DisciplinaExame(codExame, disciplina, anoEscolaridade) VALUES('708','Geometria Descritiva A','11');
INSERT INTO DisciplinaExame(codExame, disciplina, anoEscolaridade) VALUES('712','Economia A','11');
INSERT INTO DisciplinaExame(codExame, disciplina, anoEscolaridade) VALUES('714','Filosofia','11');
INSERT INTO DisciplinaExame(codExame, disciplina, anoEscolaridade) VALUES('715','Física e Química A','11');
INSERT INTO DisciplinaExame(codExame, disciplina, anoEscolaridade) VALUES('719','Geografia A','11');
INSERT INTO DisciplinaExame(codExame, disciplina, anoEscolaridade) VALUES('723','História B','11');
INSERT INTO DisciplinaExame(codExame, disciplina, anoEscolaridade) VALUES('724','História da Culturas e das Artes','11');
INSERT INTO DisciplinaExame(codExame, disciplina, anoEscolaridade) VALUES('732','Latim A','11');
INSERT INTO DisciplinaExame(codExame, disciplina, anoEscolaridade) VALUES('734','Literatura Portuguesa','11');
INSERT INTO DisciplinaExame(codExame, disciplina, anoEscolaridade) VALUES('735','Matemática B','12');
INSERT INTO DisciplinaExame(codExame, disciplina, anoEscolaridade) VALUES('835','Matemática Aplicada às Ciências Sociais','11');
INSERT INTO DisciplinaExame(codExame, disciplina, anoEscolaridade) VALUES('839','Português Língua Não Materna','12');


-- Exame

INSERT INTO Exame(idExame, codExame, fase, anoLetivo, dataRealizacao) VALUES ('1', '138', '1', '2019/2020', '2020-6-19');
INSERT INTO Exame(idExame, codExame, fase, anoLetivo, dataRealizacao) VALUES ('2', '501', '1', '2019/2020', '2020-6-13');
INSERT INTO Exame(idExame, codExame, fase, anoLetivo, dataRealizacao) VALUES ('3', '517', '1', '2019/2020', '2020-6-1');
INSERT INTO Exame(idExame, codExame, fase, anoLetivo, dataRealizacao) VALUES ('4', '547', '1', '2019/2020', '2020-6-1');
INSERT INTO Exame(idExame, codExame, fase, anoLetivo, dataRealizacao) VALUES ('5', '550', '1', '2019/2020', '2020-6-7');
INSERT INTO Exame(idExame, codExame, fase, anoLetivo, dataRealizacao) VALUES ('6', '623', '1', '2019/2020', '2020-6-1');
INSERT INTO Exame(idExame, codExame, fase, anoLetivo, dataRealizacao) VALUES ('7', '635', '1', '2019/2020', '2020-6-5');
INSERT INTO Exame(idExame, codExame, fase, anoLetivo, dataRealizacao) VALUES ('8', '639', '1', '2019/2020', '2020-6-18');
INSERT INTO Exame(idExame, codExame, fase, anoLetivo, dataRealizacao) VALUES ('9', '702', '1', '2019/2020', '2020-6-1');
INSERT INTO Exame(idExame, codExame, fase, anoLetivo, dataRealizacao) VALUES ('10', '706', '1', '2019/2020', '2020-6-24');
INSERT INTO Exame(idExame, codExame, fase, anoLetivo, dataRealizacao) VALUES ('11', '708', '1', '2019/2020', '2020-6-27');
INSERT INTO Exame(idExame, codExame, fase, anoLetivo, dataRealizacao) VALUES ('12', '712', '1', '2019/2020', '2020-6-18');
INSERT INTO Exame(idExame, codExame, fase, anoLetivo, dataRealizacao) VALUES ('13', '714', '1', '2019/2020', '2020-6-16');
INSERT INTO Exame(idExame, codExame, fase, anoLetivo, dataRealizacao) VALUES ('14', '715', '1', '2019/2020', '2020-6-26');
INSERT INTO Exame(idExame, codExame, fase, anoLetivo, dataRealizacao) VALUES ('15', '719', '1', '2019/2020', '2020-6-16');
INSERT INTO Exame(idExame, codExame, fase, anoLetivo, dataRealizacao) VALUES ('16', '723', '1', '2019/2020', '2020-6-20');
INSERT INTO Exame(idExame, codExame, fase, anoLetivo, dataRealizacao) VALUES ('17', '724', '1', '2019/2020', '2020-6-19');
INSERT INTO Exame(idExame, codExame, fase, anoLetivo, dataRealizacao) VALUES ('18', '732', '1', '2019/2020', '2020-6-25');
INSERT INTO Exame(idExame, codExame, fase, anoLetivo, dataRealizacao) VALUES ('19', '734', '1', '2019/2020', '2020-6-2');
INSERT INTO Exame(idExame, codExame, fase, anoLetivo, dataRealizacao) VALUES ('20', '735', '1', '2019/2020', '2020-6-14');
INSERT INTO Exame(idExame, codExame, fase, anoLetivo, dataRealizacao) VALUES ('21', '835', '1', '2019/2020', '2020-6-3');
INSERT INTO Exame(idExame, codExame, fase, anoLetivo, dataRealizacao) VALUES ('22', '839', '1', '2019/2020', '2020-6-9');

INSERT INTO Exame(idExame, codExame, fase, anoLetivo, dataRealizacao) VALUES ('23', '138', '2', '2019/2020', '2020-7-6');
INSERT INTO Exame(idExame, codExame, fase, anoLetivo, dataRealizacao) VALUES ('24', '501', '2', '2019/2020', '2020-7-14');
INSERT INTO Exame(idExame, codExame, fase, anoLetivo, dataRealizacao) VALUES ('25', '517', '2', '2019/2020', '2020-7-4');
INSERT INTO Exame(idExame, codExame, fase, anoLetivo, dataRealizacao) VALUES ('26', '547', '2', '2019/2020', '2020-7-3');
INSERT INTO Exame(idExame, codExame, fase, anoLetivo, dataRealizacao) VALUES ('27', '550', '2', '2019/2020', '2020-7-3');
INSERT INTO Exame(idExame, codExame, fase, anoLetivo, dataRealizacao) VALUES ('28', '623', '2', '2019/2020', '2020-7-8');
INSERT INTO Exame(idExame, codExame, fase, anoLetivo, dataRealizacao) VALUES ('29', '635', '2', '2019/2020', '2020-7-28');
INSERT INTO Exame(idExame, codExame, fase, anoLetivo, dataRealizacao) VALUES ('30', '639', '2', '2019/2020', '2020-7-18');
INSERT INTO Exame(idExame, codExame, fase, anoLetivo, dataRealizacao) VALUES ('31', '702', '2', '2019/2020', '2020-7-7');
INSERT INTO Exame(idExame, codExame, fase, anoLetivo, dataRealizacao) VALUES ('32', '706', '2', '2019/2020', '2020-7-4');
INSERT INTO Exame(idExame, codExame, fase, anoLetivo, dataRealizacao) VALUES ('33', '708', '2', '2019/2020', '2020-7-25');
INSERT INTO Exame(idExame, codExame, fase, anoLetivo, dataRealizacao) VALUES ('34', '712', '2', '2019/2020', '2020-7-27');
INSERT INTO Exame(idExame, codExame, fase, anoLetivo, dataRealizacao) VALUES ('35', '714', '2', '2019/2020', '2020-7-17');
INSERT INTO Exame(idExame, codExame, fase, anoLetivo, dataRealizacao) VALUES ('36', '715', '2', '2019/2020', '2020-7-21');
INSERT INTO Exame(idExame, codExame, fase, anoLetivo, dataRealizacao) VALUES ('37', '719', '2', '2019/2020', '2020-7-3');
INSERT INTO Exame(idExame, codExame, fase, anoLetivo, dataRealizacao) VALUES ('38', '723', '2', '2019/2020', '2020-7-12');
INSERT INTO Exame(idExame, codExame, fase, anoLetivo, dataRealizacao) VALUES ('39', '724', '2', '2019/2020', '2020-7-18');
INSERT INTO Exame(idExame, codExame, fase, anoLetivo, dataRealizacao) VALUES ('40', '732', '2', '2019/2020', '2020-7-16');
INSERT INTO Exame(idExame, codExame, fase, anoLetivo, dataRealizacao) VALUES ('41', '734', '2', '2019/2020', '2020-7-17');
INSERT INTO Exame(idExame, codExame, fase, anoLetivo, dataRealizacao) VALUES ('42', '735', '2', '2019/2020', '2020-7-15');
INSERT INTO Exame(idExame, codExame, fase, anoLetivo, dataRealizacao) VALUES ('43', '835', '2', '2019/2020', '2020-7-15');
INSERT INTO Exame(idExame, codExame, fase, anoLetivo, dataRealizacao) VALUES ('44', '839', '2', '2019/2020', '2020-7-2');

INSERT INTO Exame(idExame, codExame, fase, anoLetivo, dataRealizacao) VALUES ('45', '138', '1', '2020/2021', '2021-6-14');
INSERT INTO Exame(idExame, codExame, fase, anoLetivo, dataRealizacao) VALUES ('46', '501', '1', '2020/2021', '2021-6-21');
INSERT INTO Exame(idExame, codExame, fase, anoLetivo, dataRealizacao) VALUES ('47', '517', '1', '2020/2021', '2021-6-12');
INSERT INTO Exame(idExame, codExame, fase, anoLetivo, dataRealizacao) VALUES ('48', '547', '1', '2020/2021', '2021-6-18');
INSERT INTO Exame(idExame, codExame, fase, anoLetivo, dataRealizacao) VALUES ('49', '550', '1', '2020/2021', '2021-6-6');
INSERT INTO Exame(idExame, codExame, fase, anoLetivo, dataRealizacao) VALUES ('50', '623', '1', '2020/2021', '2021-6-21');
INSERT INTO Exame(idExame, codExame, fase, anoLetivo, dataRealizacao) VALUES ('51', '635', '1', '2020/2021', '2021-6-24');
INSERT INTO Exame(idExame, codExame, fase, anoLetivo, dataRealizacao) VALUES ('52', '639', '1', '2020/2021', '2021-6-29');
INSERT INTO Exame(idExame, codExame, fase, anoLetivo, dataRealizacao) VALUES ('53', '702', '1', '2020/2021', '2021-6-9');
INSERT INTO Exame(idExame, codExame, fase, anoLetivo, dataRealizacao) VALUES ('54', '706', '1', '2020/2021', '2021-6-28');
INSERT INTO Exame(idExame, codExame, fase, anoLetivo, dataRealizacao) VALUES ('55', '708', '1', '2020/2021', '2021-6-12');
INSERT INTO Exame(idExame, codExame, fase, anoLetivo, dataRealizacao) VALUES ('56', '712', '1', '2020/2021', '2021-6-29');
INSERT INTO Exame(idExame, codExame, fase, anoLetivo, dataRealizacao) VALUES ('57', '714', '1', '2020/2021', '2021-6-27');
INSERT INTO Exame(idExame, codExame, fase, anoLetivo, dataRealizacao) VALUES ('58', '715', '1', '2020/2021', '2021-6-19');
INSERT INTO Exame(idExame, codExame, fase, anoLetivo, dataRealizacao) VALUES ('59', '719', '1', '2020/2021', '2021-6-28');
INSERT INTO Exame(idExame, codExame, fase, anoLetivo, dataRealizacao) VALUES ('60', '723', '1', '2020/2021', '2021-6-18');
INSERT INTO Exame(idExame, codExame, fase, anoLetivo, dataRealizacao) VALUES ('61', '724', '1', '2020/2021', '2021-6-26');
INSERT INTO Exame(idExame, codExame, fase, anoLetivo, dataRealizacao) VALUES ('62', '732', '1', '2020/2021', '2021-6-25');
INSERT INTO Exame(idExame, codExame, fase, anoLetivo, dataRealizacao) VALUES ('63', '734', '1', '2020/2021', '2021-6-4');
INSERT INTO Exame(idExame, codExame, fase, anoLetivo, dataRealizacao) VALUES ('64', '735', '1', '2020/2021', '2021-6-2');
INSERT INTO Exame(idExame, codExame, fase, anoLetivo, dataRealizacao) VALUES ('65', '835', '1', '2020/2021', '2021-6-25');
INSERT INTO Exame(idExame, codExame, fase, anoLetivo, dataRealizacao) VALUES ('66', '839', '1', '2020/2021', '2021-6-17');

INSERT INTO Exame(idExame, codExame, fase, anoLetivo, dataRealizacao) VALUES ('67', '138', '2', '2020/2021', '2021-7-3');
INSERT INTO Exame(idExame, codExame, fase, anoLetivo, dataRealizacao) VALUES ('68', '501', '2', '2020/2021', '2021-7-14');
INSERT INTO Exame(idExame, codExame, fase, anoLetivo, dataRealizacao) VALUES ('69', '517', '2', '2020/2021', '2021-7-9');
INSERT INTO Exame(idExame, codExame, fase, anoLetivo, dataRealizacao) VALUES ('70', '547', '2', '2020/2021', '2021-7-17');
INSERT INTO Exame(idExame, codExame, fase, anoLetivo, dataRealizacao) VALUES ('71', '550', '2', '2020/2021', '2021-7-11');
INSERT INTO Exame(idExame, codExame, fase, anoLetivo, dataRealizacao) VALUES ('72', '623', '2', '2020/2021', '2021-7-8');
INSERT INTO Exame(idExame, codExame, fase, anoLetivo, dataRealizacao) VALUES ('73', '635', '2', '2020/2021', '2021-7-19');
INSERT INTO Exame(idExame, codExame, fase, anoLetivo, dataRealizacao) VALUES ('74', '639', '2', '2020/2021', '2021-7-12');
INSERT INTO Exame(idExame, codExame, fase, anoLetivo, dataRealizacao) VALUES ('75', '702', '2', '2020/2021', '2021-7-23');
INSERT INTO Exame(idExame, codExame, fase, anoLetivo, dataRealizacao) VALUES ('76', '706', '2', '2020/2021', '2021-7-28');
INSERT INTO Exame(idExame, codExame, fase, anoLetivo, dataRealizacao) VALUES ('77', '708', '2', '2020/2021', '2021-7-6');
INSERT INTO Exame(idExame, codExame, fase, anoLetivo, dataRealizacao) VALUES ('78', '712', '2', '2020/2021', '2021-7-27');
INSERT INTO Exame(idExame, codExame, fase, anoLetivo, dataRealizacao) VALUES ('79', '714', '2', '2020/2021', '2021-7-3');
INSERT INTO Exame(idExame, codExame, fase, anoLetivo, dataRealizacao) VALUES ('80', '715', '2', '2020/2021', '2021-7-15');
INSERT INTO Exame(idExame, codExame, fase, anoLetivo, dataRealizacao) VALUES ('81', '719', '2', '2020/2021', '2021-7-9');
INSERT INTO Exame(idExame, codExame, fase, anoLetivo, dataRealizacao) VALUES ('82', '723', '2', '2020/2021', '2021-7-1');
INSERT INTO Exame(idExame, codExame, fase, anoLetivo, dataRealizacao) VALUES ('83', '724', '2', '2020/2021', '2021-7-2');
INSERT INTO Exame(idExame, codExame, fase, anoLetivo, dataRealizacao) VALUES ('84', '732', '2', '2020/2021', '2021-7-29');
INSERT INTO Exame(idExame, codExame, fase, anoLetivo, dataRealizacao) VALUES ('85', '734', '2', '2020/2021', '2021-7-15');
INSERT INTO Exame(idExame, codExame, fase, anoLetivo, dataRealizacao) VALUES ('86', '735', '2', '2020/2021', '2021-7-3');
INSERT INTO Exame(idExame, codExame, fase, anoLetivo, dataRealizacao) VALUES ('87', '835', '2', '2020/2021', '2021-7-8');
INSERT INTO Exame(idExame, codExame, fase, anoLetivo, dataRealizacao) VALUES ('88', '839', '2', '2020/2021', '2021-7-18');

-- Onde Realiza

INSERT INTO OndeRealiza(idEscola, idAluno) VALUES ('113', '1');
INSERT INTO OndeRealiza(idEscola, idAluno) VALUES ('30', '2');
INSERT INTO OndeRealiza(idEscola, idAluno) VALUES ('203', '3');
INSERT INTO OndeRealiza(idEscola, idAluno) VALUES ('97', '4');
INSERT INTO OndeRealiza(idEscola, idAluno) VALUES ('469', '5');
INSERT INTO OndeRealiza(idEscola, idAluno) VALUES ('349', '6');
INSERT INTO OndeRealiza(idEscola, idAluno) VALUES ('597', '7');
INSERT INTO OndeRealiza(idEscola, idAluno) VALUES ('342', '8');
INSERT INTO OndeRealiza(idEscola, idAluno) VALUES ('589', '9');
INSERT INTO OndeRealiza(idEscola, idAluno) VALUES ('465', '10');
INSERT INTO OndeRealiza(idEscola, idAluno) VALUES ('506', '11');
INSERT INTO OndeRealiza(idEscola, idAluno) VALUES ('257', '12');
INSERT INTO OndeRealiza(idEscola, idAluno) VALUES ('499', '13');
INSERT INTO OndeRealiza(idEscola, idAluno) VALUES ('240', '14');
INSERT INTO OndeRealiza(idEscola, idAluno) VALUES ('543', '15');
INSERT INTO OndeRealiza(idEscola, idAluno) VALUES ('238', '16');
INSERT INTO OndeRealiza(idEscola, idAluno) VALUES ('507', '17');
INSERT INTO OndeRealiza(idEscola, idAluno) VALUES ('190', '18');
INSERT INTO OndeRealiza(idEscola, idAluno) VALUES ('303', '19');
INSERT INTO OndeRealiza(idEscola, idAluno) VALUES ('595', '20');
INSERT INTO OndeRealiza(idEscola, idAluno) VALUES ('406', '21');
INSERT INTO OndeRealiza(idEscola, idAluno) VALUES ('233', '22');
INSERT INTO OndeRealiza(idEscola, idAluno) VALUES ('162', '23');
INSERT INTO OndeRealiza(idEscola, idAluno) VALUES ('159', '24');
INSERT INTO OndeRealiza(idEscola, idAluno) VALUES ('295', '25');
INSERT INTO OndeRealiza(idEscola, idAluno) VALUES ('562', '26');
INSERT INTO OndeRealiza(idEscola, idAluno) VALUES ('296', '27');
INSERT INTO OndeRealiza(idEscola, idAluno) VALUES ('339', '28');
INSERT INTO OndeRealiza(idEscola, idAluno) VALUES ('251', '29');
INSERT INTO OndeRealiza(idEscola, idAluno) VALUES ('347', '30');
INSERT INTO OndeRealiza(idEscola, idAluno) VALUES ('365', '31');
INSERT INTO OndeRealiza(idEscola, idAluno) VALUES ('415', '32');
INSERT INTO OndeRealiza(idEscola, idAluno) VALUES ('242', '33');
INSERT INTO OndeRealiza(idEscola, idAluno) VALUES ('593', '34');
INSERT INTO OndeRealiza(idEscola, idAluno) VALUES ('404', '35');
INSERT INTO OndeRealiza(idEscola, idAluno) VALUES ('357', '36');
INSERT INTO OndeRealiza(idEscola, idAluno) VALUES ('115', '37');
INSERT INTO OndeRealiza(idEscola, idAluno) VALUES ('141', '38');
INSERT INTO OndeRealiza(idEscola, idAluno) VALUES ('94', '39');
INSERT INTO OndeRealiza(idEscola, idAluno) VALUES ('549', '40');
INSERT INTO OndeRealiza(idEscola, idAluno) VALUES ('155', '41');
INSERT INTO OndeRealiza(idEscola, idAluno) VALUES ('72', '42');
INSERT INTO OndeRealiza(idEscola, idAluno) VALUES ('558', '43');
INSERT INTO OndeRealiza(idEscola, idAluno) VALUES ('46', '44');
INSERT INTO OndeRealiza(idEscola, idAluno) VALUES ('13', '45');
INSERT INTO OndeRealiza(idEscola, idAluno) VALUES ('409', '46');
INSERT INTO OndeRealiza(idEscola, idAluno) VALUES ('312', '47');
INSERT INTO OndeRealiza(idEscola, idAluno) VALUES ('330', '48');
INSERT INTO OndeRealiza(idEscola, idAluno) VALUES ('455', '49');
INSERT INTO OndeRealiza(idEscola, idAluno) VALUES ('519', '50');
INSERT INTO OndeRealiza(idEscola, idAluno) VALUES ('164', '51');
INSERT INTO OndeRealiza(idEscola, idAluno) VALUES ('96', '52');
INSERT INTO OndeRealiza(idEscola, idAluno) VALUES ('509', '53');
INSERT INTO OndeRealiza(idEscola, idAluno) VALUES ('346', '54');
INSERT INTO OndeRealiza(idEscola, idAluno) VALUES ('273', '55');
INSERT INTO OndeRealiza(idEscola, idAluno) VALUES ('142', '56');
INSERT INTO OndeRealiza(idEscola, idAluno) VALUES ('178', '57');
INSERT INTO OndeRealiza(idEscola, idAluno) VALUES ('57', '58');
INSERT INTO OndeRealiza(idEscola, idAluno) VALUES ('150', '59');
INSERT INTO OndeRealiza(idEscola, idAluno) VALUES ('245', '60');
INSERT INTO OndeRealiza(idEscola, idAluno) VALUES ('188', '61');
INSERT INTO OndeRealiza(idEscola, idAluno) VALUES ('502', '62');
INSERT INTO OndeRealiza(idEscola, idAluno) VALUES ('438', '63');
INSERT INTO OndeRealiza(idEscola, idAluno) VALUES ('379', '64');
INSERT INTO OndeRealiza(idEscola, idAluno) VALUES ('186', '65');
INSERT INTO OndeRealiza(idEscola, idAluno) VALUES ('560', '66');
INSERT INTO OndeRealiza(idEscola, idAluno) VALUES ('337', '67');
INSERT INTO OndeRealiza(idEscola, idAluno) VALUES ('578', '68');
INSERT INTO OndeRealiza(idEscola, idAluno) VALUES ('169', '69');
INSERT INTO OndeRealiza(idEscola, idAluno) VALUES ('101', '70');
INSERT INTO OndeRealiza(idEscola, idAluno) VALUES ('277', '71');
INSERT INTO OndeRealiza(idEscola, idAluno) VALUES ('263', '72');
INSERT INTO OndeRealiza(idEscola, idAluno) VALUES ('562', '73');
INSERT INTO OndeRealiza(idEscola, idAluno) VALUES ('198', '74');
INSERT INTO OndeRealiza(idEscola, idAluno) VALUES ('288', '75');
INSERT INTO OndeRealiza(idEscola, idAluno) VALUES ('173', '76');
INSERT INTO OndeRealiza(idEscola, idAluno) VALUES ('270', '77');
INSERT INTO OndeRealiza(idEscola, idAluno) VALUES ('151', '78');
INSERT INTO OndeRealiza(idEscola, idAluno) VALUES ('208', '79');
INSERT INTO OndeRealiza(idEscola, idAluno) VALUES ('246', '80');
INSERT INTO OndeRealiza(idEscola, idAluno) VALUES ('538', '81');
INSERT INTO OndeRealiza(idEscola, idAluno) VALUES ('156', '82');
INSERT INTO OndeRealiza(idEscola, idAluno) VALUES ('232', '83');
INSERT INTO OndeRealiza(idEscola, idAluno) VALUES ('282', '84');
INSERT INTO OndeRealiza(idEscola, idAluno) VALUES ('374', '85');
INSERT INTO OndeRealiza(idEscola, idAluno) VALUES ('602', '86');
INSERT INTO OndeRealiza(idEscola, idAluno) VALUES ('70', '87');
INSERT INTO OndeRealiza(idEscola, idAluno) VALUES ('67', '88');
INSERT INTO OndeRealiza(idEscola, idAluno) VALUES ('594', '89');
INSERT INTO OndeRealiza(idEscola, idAluno) VALUES ('368', '90');
INSERT INTO OndeRealiza(idEscola, idAluno) VALUES ('231', '91');
INSERT INTO OndeRealiza(idEscola, idAluno) VALUES ('206', '92');
INSERT INTO OndeRealiza(idEscola, idAluno) VALUES ('606', '93');
INSERT INTO OndeRealiza(idEscola, idAluno) VALUES ('99', '94');
INSERT INTO OndeRealiza(idEscola, idAluno) VALUES ('282', '95');
INSERT INTO OndeRealiza(idEscola, idAluno) VALUES ('378', '96');
INSERT INTO OndeRealiza(idEscola, idAluno) VALUES ('303', '97');
INSERT INTO OndeRealiza(idEscola, idAluno) VALUES ('210', '98');
INSERT INTO OndeRealiza(idEscola, idAluno) VALUES ('180', '99');
INSERT INTO OndeRealiza(idEscola, idAluno) VALUES ('237', '100');

-- Aluno Realiza
INSERT INTO AlunoRealiza(idAluno, idExame, idSitFreq, serInterno, notaExame, paraAprov, paraMelhoria, provaIngresso, CFCEPE) VALUES ('1', '1', 'Anulou a matrícula', 'N', '8.7', 'S', 'S', 'N', 'S');
INSERT INTO AlunoRealiza(idAluno, idExame, idSitFreq, serInterno, notaExame, paraAprov, paraMelhoria, provaIngresso, CFCEPE) VALUES ('1', '2', 'Admitido a exame', 'S', '20.0', 'S', 'N', 'S', 'N');
INSERT INTO AlunoRealiza(idAluno, idExame, idSitFreq, serInterno, notaExame, paraAprov, paraMelhoria, provaIngresso, CFCEPE) VALUES ('2', '2', 'Excluído por faltas', 'N', '19.2', 'S', 'S', 'N', 'S');
INSERT INTO AlunoRealiza(idAluno, idExame, idSitFreq, serInterno, notaExame, paraAprov, paraMelhoria, provaIngresso, CFCEPE) VALUES ('3', '3', 'Anulou a matrícula', 'N', '18.7', 'S', 'N', 'N', 'S');
INSERT INTO AlunoRealiza(idAluno, idExame, idSitFreq, serInterno, notaExame, paraAprov, paraMelhoria, provaIngresso, CFCEPE) VALUES ('4', '9', 'Anulou a matrícula', 'N', '10.3', 'S', 'N', 'N', 'N');
INSERT INTO AlunoRealiza(idAluno, idExame, idSitFreq, serInterno, notaExame, paraAprov, paraMelhoria, provaIngresso, CFCEPE) VALUES ('5', '5', 'Admitido a exame', 'S', '15.2', 'N', 'S', 'S', 'S');
INSERT INTO AlunoRealiza(idAluno, idExame, idSitFreq, serInterno, notaExame, paraAprov, paraMelhoria, provaIngresso, CFCEPE) VALUES ('6', '7', 'Admitido a exame', 'S', '17.7', 'N', 'N', 'N', 'N');
INSERT INTO AlunoRealiza(idAluno, idExame, idSitFreq, serInterno, notaExame, paraAprov, paraMelhoria, provaIngresso, CFCEPE) VALUES ('7', '7', 'Admitido a exame', 'S', '3.5', 'N', 'N', 'S', 'S');
INSERT INTO AlunoRealiza(idAluno, idExame, idSitFreq, serInterno, notaExame, paraAprov, paraMelhoria, provaIngresso, CFCEPE) VALUES ('8', '15', 'Admitido a exame', 'S', '10.1', 'N', 'N', 'N', 'N');
INSERT INTO AlunoRealiza(idAluno, idExame, idSitFreq, serInterno, notaExame, paraAprov, paraMelhoria, provaIngresso, CFCEPE) VALUES ('9', '9', 'Excluído por faltas', 'N', '13.7', 'S', 'N', 'N', 'N');
INSERT INTO AlunoRealiza(idAluno, idExame, idSitFreq, serInterno, notaExame, paraAprov, paraMelhoria, provaIngresso, CFCEPE) VALUES ('10', '10', 'Anulou a matrícula', 'N', '4.1', 'S', 'S', 'S', 'N');
INSERT INTO AlunoRealiza(idAluno, idExame, idSitFreq, serInterno, notaExame, paraAprov, paraMelhoria, provaIngresso, CFCEPE) VALUES ('11', '11', 'Anulou a matrícula', 'N', '9.6', 'S', 'N', 'S', 'N');
INSERT INTO AlunoRealiza(idAluno, idExame, idSitFreq, serInterno, notaExame, paraAprov, paraMelhoria, provaIngresso, CFCEPE) VALUES ('12', '12', 'Anulou a matrícula', 'N', '16.9', 'S', 'N', 'N', 'N');
INSERT INTO AlunoRealiza(idAluno, idExame, idSitFreq, serInterno, notaExame, paraAprov, paraMelhoria, provaIngresso, CFCEPE) VALUES ('13', '22', 'Excluído por faltas', 'N', '3.8', 'S', 'S', 'S', 'S');
INSERT INTO AlunoRealiza(idAluno, idExame, idSitFreq, serInterno, notaExame, paraAprov, paraMelhoria, provaIngresso, CFCEPE) VALUES ('14', '14', 'Excluído por faltas', 'N', '0.7', 'S', 'S', 'N', 'N');
INSERT INTO AlunoRealiza(idAluno, idExame, idSitFreq, serInterno, notaExame, paraAprov, paraMelhoria, provaIngresso, CFCEPE) VALUES ('15', '15', 'Excluído por faltas', 'N', '2.5', 'S', 'N', 'N', 'S');
INSERT INTO AlunoRealiza(idAluno, idExame, idSitFreq, serInterno, notaExame, paraAprov, paraMelhoria, provaIngresso, CFCEPE) VALUES ('16', '40', 'Admitido a exame', 'S', '1.2', 'N', 'N', 'N', 'S');
INSERT INTO AlunoRealiza(idAluno, idExame, idSitFreq, serInterno, notaExame, paraAprov, paraMelhoria, provaIngresso, CFCEPE) VALUES ('17', '17', 'Excluído por faltas', 'N', '4.4', 'S', 'S', 'S', 'S');
INSERT INTO AlunoRealiza(idAluno, idExame, idSitFreq, serInterno, notaExame, paraAprov, paraMelhoria, provaIngresso, CFCEPE) VALUES ('18', '18', 'Admitido a exame', 'S', '0.6', 'N', 'N', 'S', 'N');
INSERT INTO AlunoRealiza(idAluno, idExame, idSitFreq, serInterno, notaExame, paraAprov, paraMelhoria, provaIngresso, CFCEPE) VALUES ('19', '19', 'Admitido a exame', 'S', '15.7', 'N', 'S', 'N', 'N');
INSERT INTO AlunoRealiza(idAluno, idExame, idSitFreq, serInterno, notaExame, paraAprov, paraMelhoria, provaIngresso, CFCEPE) VALUES ('20', '20', 'Reprovou frequência', 'N', '15.7', 'S', 'S', 'N', 'N');
INSERT INTO AlunoRealiza(idAluno, idExame, idSitFreq, serInterno, notaExame, paraAprov, paraMelhoria, provaIngresso, CFCEPE) VALUES ('21', '21', 'Admitido a exame', 'S', '0.2', 'N', 'N', 'S', 'S');
INSERT INTO AlunoRealiza(idAluno, idExame, idSitFreq, serInterno, notaExame, paraAprov, paraMelhoria, provaIngresso, CFCEPE) VALUES ('22', '22', 'Excluído por faltas', 'N', '16.0', 'S', 'N', 'S', 'N');
INSERT INTO AlunoRealiza(idAluno, idExame, idSitFreq, serInterno, notaExame, paraAprov, paraMelhoria, provaIngresso, CFCEPE) VALUES ('23', '23', 'Anulou a matrícula', 'N', '11.4', 'S', 'N', 'N', 'N');
INSERT INTO AlunoRealiza(idAluno, idExame, idSitFreq, serInterno, notaExame, paraAprov, paraMelhoria, provaIngresso, CFCEPE) VALUES ('24', '24', 'Admitido a exame', 'S', '16.4', 'N', 'N', 'N', 'S');
INSERT INTO AlunoRealiza(idAluno, idExame, idSitFreq, serInterno, notaExame, paraAprov, paraMelhoria, provaIngresso, CFCEPE) VALUES ('25', '25', 'Reprovou frequência', 'N', '17.0', 'S', 'N', 'S', 'N');
INSERT INTO AlunoRealiza(idAluno, idExame, idSitFreq, serInterno, notaExame, paraAprov, paraMelhoria, provaIngresso, CFCEPE) VALUES ('26', '26', 'Admitido a exame', 'S', '8.8', 'N', 'S', 'N', 'S');
INSERT INTO AlunoRealiza(idAluno, idExame, idSitFreq, serInterno, notaExame, paraAprov, paraMelhoria, provaIngresso, CFCEPE) VALUES ('27', '27', 'Anulou a matrícula', 'N', '10.5', 'S', 'N', 'S', 'S');
INSERT INTO AlunoRealiza(idAluno, idExame, idSitFreq, serInterno, notaExame, paraAprov, paraMelhoria, provaIngresso, CFCEPE) VALUES ('28', '28', 'Admitido a exame', 'S', '9.4', 'N', 'N', 'S', 'N');
INSERT INTO AlunoRealiza(idAluno, idExame, idSitFreq, serInterno, notaExame, paraAprov, paraMelhoria, provaIngresso, CFCEPE) VALUES ('29', '29', 'Anulou a matrícula', 'N', '8.0', 'S', 'S', 'N', 'N');
INSERT INTO AlunoRealiza(idAluno, idExame, idSitFreq, serInterno, notaExame, paraAprov, paraMelhoria, provaIngresso, CFCEPE) VALUES ('30', '30', 'Reprovou frequência', 'N', '0.2', 'S', 'N', 'N', 'S');
INSERT INTO AlunoRealiza(idAluno, idExame, idSitFreq, serInterno, notaExame, paraAprov, paraMelhoria, provaIngresso, CFCEPE) VALUES ('31', '31', 'Anulou a matrícula', 'N', '18.1', 'S', 'N', 'N', 'S');
INSERT INTO AlunoRealiza(idAluno, idExame, idSitFreq, serInterno, notaExame, paraAprov, paraMelhoria, provaIngresso, CFCEPE) VALUES ('32', '32', 'Anulou a matrícula', 'N', '16.9', 'S', 'N', 'S', 'S');
INSERT INTO AlunoRealiza(idAluno, idExame, idSitFreq, serInterno, notaExame, paraAprov, paraMelhoria, provaIngresso, CFCEPE) VALUES ('33', '33', 'Anulou a matrícula', 'N', '9.0', 'S', 'S', 'N', 'S');
INSERT INTO AlunoRealiza(idAluno, idExame, idSitFreq, serInterno, notaExame, paraAprov, paraMelhoria, provaIngresso, CFCEPE) VALUES ('34', '34', 'Reprovou frequência', 'N', '1.4', 'S', 'S', 'N', 'N');
INSERT INTO AlunoRealiza(idAluno, idExame, idSitFreq, serInterno, notaExame, paraAprov, paraMelhoria, provaIngresso, CFCEPE) VALUES ('35', '35', 'Admitido a exame', 'S', '8.2', 'N', 'S', 'S', 'N');
INSERT INTO AlunoRealiza(idAluno, idExame, idSitFreq, serInterno, notaExame, paraAprov, paraMelhoria, provaIngresso, CFCEPE) VALUES ('36', '36', 'Admitido a exame', 'S', '2.9', 'N', 'S', 'N', 'S');
INSERT INTO AlunoRealiza(idAluno, idExame, idSitFreq, serInterno, notaExame, paraAprov, paraMelhoria, provaIngresso, CFCEPE) VALUES ('37', '37', 'Admitido a exame', 'S', '2.4', 'N', 'S', 'S', 'N');
INSERT INTO AlunoRealiza(idAluno, idExame, idSitFreq, serInterno, notaExame, paraAprov, paraMelhoria, provaIngresso, CFCEPE) VALUES ('38', '38', 'Admitido a exame', 'S', '12.1', 'N', 'N', 'S', 'S');
INSERT INTO AlunoRealiza(idAluno, idExame, idSitFreq, serInterno, notaExame, paraAprov, paraMelhoria, provaIngresso, CFCEPE) VALUES ('39', '39', 'Excluído por faltas', 'N', '4.0', 'S', 'S', 'S', 'S');
INSERT INTO AlunoRealiza(idAluno, idExame, idSitFreq, serInterno, notaExame, paraAprov, paraMelhoria, provaIngresso, CFCEPE) VALUES ('40', '40', 'Admitido a exame', 'S', '13.3', 'N', 'N', 'S', 'N');
INSERT INTO AlunoRealiza(idAluno, idExame, idSitFreq, serInterno, notaExame, paraAprov, paraMelhoria, provaIngresso, CFCEPE) VALUES ('41', '41', 'Anulou a matrícula', 'N', '11.4', 'S', 'S', 'N', 'S');
INSERT INTO AlunoRealiza(idAluno, idExame, idSitFreq, serInterno, notaExame, paraAprov, paraMelhoria, provaIngresso, CFCEPE) VALUES ('42', '42', 'Anulou a matrícula', 'N', '10.1', 'S', 'N', 'N', 'N');
INSERT INTO AlunoRealiza(idAluno, idExame, idSitFreq, serInterno, notaExame, paraAprov, paraMelhoria, provaIngresso, CFCEPE) VALUES ('43', '43', 'Excluído por faltas', 'N', '11.1', 'S', 'S', 'S', 'N');
INSERT INTO AlunoRealiza(idAluno, idExame, idSitFreq, serInterno, notaExame, paraAprov, paraMelhoria, provaIngresso, CFCEPE) VALUES ('44', '44', 'Anulou a matrícula', 'N', '10.8', 'S', 'S', 'S', 'N');
INSERT INTO AlunoRealiza(idAluno, idExame, idSitFreq, serInterno, notaExame, paraAprov, paraMelhoria, provaIngresso, CFCEPE) VALUES ('45', '45', 'Admitido a exame', 'S', '19.2', 'N', 'S', 'N', 'N');
INSERT INTO AlunoRealiza(idAluno, idExame, idSitFreq, serInterno, notaExame, paraAprov, paraMelhoria, provaIngresso, CFCEPE) VALUES ('46', '46', 'Excluído por faltas', 'N', '8.1', 'S', 'S', 'N', 'N');
INSERT INTO AlunoRealiza(idAluno, idExame, idSitFreq, serInterno, notaExame, paraAprov, paraMelhoria, provaIngresso, CFCEPE) VALUES ('47', '47', 'Anulou a matrícula', 'N', '18.5', 'S', 'N', 'N', 'N');
INSERT INTO AlunoRealiza(idAluno, idExame, idSitFreq, serInterno, notaExame, paraAprov, paraMelhoria, provaIngresso, CFCEPE) VALUES ('48', '48', 'Reprovou frequência', 'N', '4.4', 'S', 'S', 'N', 'N');
INSERT INTO AlunoRealiza(idAluno, idExame, idSitFreq, serInterno, notaExame, paraAprov, paraMelhoria, provaIngresso, CFCEPE) VALUES ('49', '49', 'Anulou a matrícula', 'N', '17.1', 'S', 'S', 'N', 'N');
INSERT INTO AlunoRealiza(idAluno, idExame, idSitFreq, serInterno, notaExame, paraAprov, paraMelhoria, provaIngresso, CFCEPE) VALUES ('50', '50', 'Excluído por faltas', 'N', '1.7', 'S', 'S', 'S', 'S');
INSERT INTO AlunoRealiza(idAluno, idExame, idSitFreq, serInterno, notaExame, paraAprov, paraMelhoria, provaIngresso, CFCEPE) VALUES ('51', '51', 'Reprovou frequência', 'N', '10.9', 'S', 'N', 'S', 'S');
INSERT INTO AlunoRealiza(idAluno, idExame, idSitFreq, serInterno, notaExame, paraAprov, paraMelhoria, provaIngresso, CFCEPE) VALUES ('52', '52', 'Excluído por faltas', 'N', '5.3', 'S', 'S', 'N', 'S');
INSERT INTO AlunoRealiza(idAluno, idExame, idSitFreq, serInterno, notaExame, paraAprov, paraMelhoria, provaIngresso, CFCEPE) VALUES ('53', '53', 'Reprovou frequência', 'N', '6.4', 'S', 'N', 'N', 'N');
INSERT INTO AlunoRealiza(idAluno, idExame, idSitFreq, serInterno, notaExame, paraAprov, paraMelhoria, provaIngresso, CFCEPE) VALUES ('54', '54', 'Reprovou frequência', 'N', '19.4', 'S', 'N', 'N', 'S');
INSERT INTO AlunoRealiza(idAluno, idExame, idSitFreq, serInterno, notaExame, paraAprov, paraMelhoria, provaIngresso, CFCEPE) VALUES ('55', '55', 'Admitido a exame', 'S', '6.7', 'N', 'S', 'N', 'S');
INSERT INTO AlunoRealiza(idAluno, idExame, idSitFreq, serInterno, notaExame, paraAprov, paraMelhoria, provaIngresso, CFCEPE) VALUES ('56', '56', 'Anulou a matrícula', 'N', '0.8', 'S', 'N', 'N', 'S');
INSERT INTO AlunoRealiza(idAluno, idExame, idSitFreq, serInterno, notaExame, paraAprov, paraMelhoria, provaIngresso, CFCEPE) VALUES ('57', '57', 'Reprovou frequência', 'N', '1.1', 'S', 'S', 'N', 'S');
INSERT INTO AlunoRealiza(idAluno, idExame, idSitFreq, serInterno, notaExame, paraAprov, paraMelhoria, provaIngresso, CFCEPE) VALUES ('58', '58', 'Excluído por faltas', 'N', '13.8', 'S', 'S', 'N', 'S');
INSERT INTO AlunoRealiza(idAluno, idExame, idSitFreq, serInterno, notaExame, paraAprov, paraMelhoria, provaIngresso, CFCEPE) VALUES ('59', '59', 'Admitido a exame', 'S', '7.5', 'N', 'S', 'S', 'N');
INSERT INTO AlunoRealiza(idAluno, idExame, idSitFreq, serInterno, notaExame, paraAprov, paraMelhoria, provaIngresso, CFCEPE) VALUES ('60', '60', 'Anulou a matrícula', 'N', '3.3', 'S', 'N', 'N', 'N');
INSERT INTO AlunoRealiza(idAluno, idExame, idSitFreq, serInterno, notaExame, paraAprov, paraMelhoria, provaIngresso, CFCEPE) VALUES ('61', '61', 'Admitido a exame', 'S', '4.9', 'N', 'N', 'N', 'S');
INSERT INTO AlunoRealiza(idAluno, idExame, idSitFreq, serInterno, notaExame, paraAprov, paraMelhoria, provaIngresso, CFCEPE) VALUES ('62', '62', 'Reprovou frequência', 'N', '4.1', 'S', 'N', 'N', 'N');
INSERT INTO AlunoRealiza(idAluno, idExame, idSitFreq, serInterno, notaExame, paraAprov, paraMelhoria, provaIngresso, CFCEPE) VALUES ('63', '63', 'Admitido a exame', 'S', '10.6', 'N', 'S', 'S', 'N');
INSERT INTO AlunoRealiza(idAluno, idExame, idSitFreq, serInterno, notaExame, paraAprov, paraMelhoria, provaIngresso, CFCEPE) VALUES ('64', '64', 'Admitido a exame', 'S', '3.3', 'N', 'N', 'N', 'S');
INSERT INTO AlunoRealiza(idAluno, idExame, idSitFreq, serInterno, notaExame, paraAprov, paraMelhoria, provaIngresso, CFCEPE) VALUES ('65', '65', 'Anulou a matrícula', 'N', '7.1', 'S', 'S', 'S', 'N');
INSERT INTO AlunoRealiza(idAluno, idExame, idSitFreq, serInterno, notaExame, paraAprov, paraMelhoria, provaIngresso, CFCEPE) VALUES ('66', '66', 'Reprovou frequência', 'N', '8.6', 'S', 'S', 'N', 'N');
INSERT INTO AlunoRealiza(idAluno, idExame, idSitFreq, serInterno, notaExame, paraAprov, paraMelhoria, provaIngresso, CFCEPE) VALUES ('67', '67', 'Excluído por faltas', 'N', NULL, 'S', 'S', 'S', 'S');
INSERT INTO AlunoRealiza(idAluno, idExame, idSitFreq, serInterno, notaExame, paraAprov, paraMelhoria, provaIngresso, CFCEPE) VALUES ('68', '43', 'Excluído por faltas', 'N', '8.7', 'S', 'S', 'N', 'N');
INSERT INTO AlunoRealiza(idAluno, idExame, idSitFreq, serInterno, notaExame, paraAprov, paraMelhoria, provaIngresso, CFCEPE) VALUES ('69', '26', 'Excluído por faltas', 'N', '19.5', 'S', 'S', 'N', 'N');
INSERT INTO AlunoRealiza(idAluno, idExame, idSitFreq, serInterno, notaExame, paraAprov, paraMelhoria, provaIngresso, CFCEPE) VALUES ('70', '19', 'Admitido a exame', 'S', '11.9', 'N', 'S', 'N', 'N');
INSERT INTO AlunoRealiza(idAluno, idExame, idSitFreq, serInterno, notaExame, paraAprov, paraMelhoria, provaIngresso, CFCEPE) VALUES ('71', '4', 'Reprovou frequência', 'N', '3.2', 'S', 'S', 'N', 'S');
INSERT INTO AlunoRealiza(idAluno, idExame, idSitFreq, serInterno, notaExame, paraAprov, paraMelhoria, provaIngresso, CFCEPE) VALUES ('72', '4', 'Excluído por faltas', 'N', '17.4', 'S', 'S', 'N', 'S');
INSERT INTO AlunoRealiza(idAluno, idExame, idSitFreq, serInterno, notaExame, paraAprov, paraMelhoria, provaIngresso, CFCEPE) VALUES ('73', '43', 'Excluído por faltas', 'N', '9.2', 'S', 'S', 'N', 'N');
INSERT INTO AlunoRealiza(idAluno, idExame, idSitFreq, serInterno, notaExame, paraAprov, paraMelhoria, provaIngresso, CFCEPE) VALUES ('74', '39', 'Reprovou frequência', 'N', '2.3', 'S', 'N', 'N', 'N');
INSERT INTO AlunoRealiza(idAluno, idExame, idSitFreq, serInterno, notaExame, paraAprov, paraMelhoria, provaIngresso, CFCEPE) VALUES ('75', '32', 'Reprovou frequência', 'N', '6.9', 'S', 'N', 'S', 'S');
INSERT INTO AlunoRealiza(idAluno, idExame, idSitFreq, serInterno, notaExame, paraAprov, paraMelhoria, provaIngresso, CFCEPE) VALUES ('76', '5', 'Reprovou frequência', 'N', '12.7', 'S', 'N', 'S', 'N');
INSERT INTO AlunoRealiza(idAluno, idExame, idSitFreq, serInterno, notaExame, paraAprov, paraMelhoria, provaIngresso, CFCEPE) VALUES ('77', '39', 'Admitido a exame', 'S', '6.2', 'N', 'S', 'S', 'S');
INSERT INTO AlunoRealiza(idAluno, idExame, idSitFreq, serInterno, notaExame, paraAprov, paraMelhoria, provaIngresso, CFCEPE) VALUES ('78', '32', 'Reprovou frequência', 'N', '18.4', 'S', 'S', 'N', 'S');
INSERT INTO AlunoRealiza(idAluno, idExame, idSitFreq, serInterno, notaExame, paraAprov, paraMelhoria, provaIngresso, CFCEPE) VALUES ('79', '18', 'Reprovou frequência', 'N', '13.1', 'S', 'S', 'N', 'N');
INSERT INTO AlunoRealiza(idAluno, idExame, idSitFreq, serInterno, notaExame, paraAprov, paraMelhoria, provaIngresso, CFCEPE) VALUES ('80', '8', 'Reprovou frequência', 'N', '3.0', 'S', 'S', 'N', 'S');
INSERT INTO AlunoRealiza(idAluno, idExame, idSitFreq, serInterno, notaExame, paraAprov, paraMelhoria, provaIngresso, CFCEPE) VALUES ('81', '32', 'Anulou a matrícula', 'N', '0.1', 'S', 'N', 'N', 'S');
INSERT INTO AlunoRealiza(idAluno, idExame, idSitFreq, serInterno, notaExame, paraAprov, paraMelhoria, provaIngresso, CFCEPE) VALUES ('82', '19', 'Excluído por faltas', 'N', '11.2', 'S', 'S', 'N', 'S');
INSERT INTO AlunoRealiza(idAluno, idExame, idSitFreq, serInterno, notaExame, paraAprov, paraMelhoria, provaIngresso, CFCEPE) VALUES ('83', '2', 'Admitido a exame', 'S', '6.6', 'N', 'N', 'S', 'N');
INSERT INTO AlunoRealiza(idAluno, idExame, idSitFreq, serInterno, notaExame, paraAprov, paraMelhoria, provaIngresso, CFCEPE) VALUES ('84', '35', 'Anulou a matrícula', 'N', '7.1', 'S', 'S', 'N', 'S');
INSERT INTO AlunoRealiza(idAluno, idExame, idSitFreq, serInterno, notaExame, paraAprov, paraMelhoria, provaIngresso, CFCEPE) VALUES ('85', '21', 'Reprovou frequência', 'N', '2.2', 'S', 'N', 'N', 'N');
INSERT INTO AlunoRealiza(idAluno, idExame, idSitFreq, serInterno, notaExame, paraAprov, paraMelhoria, provaIngresso, CFCEPE) VALUES ('86', '44', 'Admitido a exame', 'S', '1.8', 'N', 'N', 'S', 'N');
INSERT INTO AlunoRealiza(idAluno, idExame, idSitFreq, serInterno, notaExame, paraAprov, paraMelhoria, provaIngresso, CFCEPE) VALUES ('87', '1', 'Reprovou frequência', 'N', '16.1', 'S', 'N', 'N', 'S');
INSERT INTO AlunoRealiza(idAluno, idExame, idSitFreq, serInterno, notaExame, paraAprov, paraMelhoria, provaIngresso, CFCEPE) VALUES ('88', '13', 'Anulou a matrícula', 'N', '1.3', 'S', 'S', 'N', 'N');
INSERT INTO AlunoRealiza(idAluno, idExame, idSitFreq, serInterno, notaExame, paraAprov, paraMelhoria, provaIngresso, CFCEPE) VALUES ('89', '27', 'Anulou a matrícula', 'N', '14.0', 'S', 'N', 'S', 'S');
INSERT INTO AlunoRealiza(idAluno, idExame, idSitFreq, serInterno, notaExame, paraAprov, paraMelhoria, provaIngresso, CFCEPE) VALUES ('90', '5', 'Reprovou frequência', 'N', '3.5', 'S', 'S', 'S', 'S');
INSERT INTO AlunoRealiza(idAluno, idExame, idSitFreq, serInterno, notaExame, paraAprov, paraMelhoria, provaIngresso, CFCEPE) VALUES ('91', '9', 'Excluído por faltas', 'N', '17.8', 'S', 'S', 'N', 'N');
INSERT INTO AlunoRealiza(idAluno, idExame, idSitFreq, serInterno, notaExame, paraAprov, paraMelhoria, provaIngresso, CFCEPE) VALUES ('92', '38', 'Anulou a matrícula', 'N', '19.2', 'S', 'S', 'S', 'S');
INSERT INTO AlunoRealiza(idAluno, idExame, idSitFreq, serInterno, notaExame, paraAprov, paraMelhoria, provaIngresso, CFCEPE) VALUES ('93', '17', 'Excluído por faltas', 'N', '14.7', 'S', 'S', 'N', 'S');
INSERT INTO AlunoRealiza(idAluno, idExame, idSitFreq, serInterno, notaExame, paraAprov, paraMelhoria, provaIngresso, CFCEPE) VALUES ('94', '41', 'Excluído por faltas', 'N', '14.3', 'S', 'S', 'S', 'N');
INSERT INTO AlunoRealiza(idAluno, idExame, idSitFreq, serInterno, notaExame, paraAprov, paraMelhoria, provaIngresso, CFCEPE) VALUES ('95', '2', 'Reprovou frequência', 'N', '11.9', 'S', 'N', 'N', 'N');
INSERT INTO AlunoRealiza(idAluno, idExame, idSitFreq, serInterno, notaExame, paraAprov, paraMelhoria, provaIngresso, CFCEPE) VALUES ('96', '47', 'Admitido a exame', 'S', '4.8', 'N', 'N', 'S', 'N');
INSERT INTO AlunoRealiza(idAluno, idExame, idSitFreq, serInterno, notaExame, paraAprov, paraMelhoria, provaIngresso, CFCEPE) VALUES ('97', '29', 'Admitido a exame', 'S', '19.5', 'N', 'N', 'S', 'N');
INSERT INTO AlunoRealiza(idAluno, idExame, idSitFreq, serInterno, notaExame, paraAprov, paraMelhoria, provaIngresso, CFCEPE) VALUES ('98', '38', 'Admitido a exame', 'S', '6.5', 'N', 'S', 'N', 'N');
INSERT INTO AlunoRealiza(idAluno, idExame, idSitFreq, serInterno, notaExame, paraAprov, paraMelhoria, provaIngresso, CFCEPE) VALUES ('99', '6', 'Excluído por faltas', 'N', '6.0', 'S', 'S', 'S', 'N');
INSERT INTO AlunoRealiza(idAluno, idExame, idSitFreq, serInterno, notaExame, paraAprov, paraMelhoria, provaIngresso, CFCEPE) VALUES ('100', '15', 'Anulou a matrícula', 'N', '2.2', 'S', 'N', 'N', 'N');